Capteur ID;X;Y;Date;Time;Temp
D24091020;2560186.58;1204471.69;2024-08-31;14:30;32,6
D24091020;2560186.58;1204471.69;2024-08-31;14:00;34,3
D24091020;2560186.58;1204471.69;2024-08-31;13:30;32
D24091020;2560186.58;1204471.69;2024-08-31;13:00;32,1
D24091020;2560186.58;1204471.69;2024-08-31;12:30;31,8
D24091020;2560186.58;1204471.69;2024-08-31;12:00;30,9
D24091020;2560186.58;1204471.69;2024-08-31;11:30;30,3
D24091020;2560186.58;1204471.69;2024-08-31;11:00;30,1
D24091020;2560186.58;1204471.69;2024-08-31;10:30;29,6
D24091020;2560186.58;1204471.69;2024-08-31;10:00;29,1
D24091020;2560186.58;1204471.69;2024-08-31;09:30;27,7
D24091020;2560186.58;1204471.69;2024-08-31;09:00;28,3
D24091020;2560186.58;1204471.69;2024-08-31;08:30;23,8
D24091020;2560186.58;1204471.69;2024-08-31;08:00;20,1
D24091020;2560186.58;1204471.69;2024-08-31;07:30;19,7
D24091020;2560186.58;1204471.69;2024-08-31;07:00;19,2
D24091020;2560186.58;1204471.69;2024-08-31;06:30;19
D24091020;2560186.58;1204471.69;2024-08-31;06:00;19,3
D24091020;2560186.58;1204471.69;2024-08-31;05:30;19,3
D24091020;2560186.58;1204471.69;2024-08-31;05:00;19,4
D24091020;2560186.58;1204471.69;2024-08-31;04:30;19,6
D24091020;2560186.58;1204471.69;2024-08-31;04:00;20
D24091020;2560186.58;1204471.69;2024-08-31;03:30;20,2
D24091020;2560186.58;1204471.69;2024-08-31;03:00;20,6
D24091020;2560186.58;1204471.69;2024-08-31;02:30;21
D24091020;2560186.58;1204471.69;2024-08-31;02:00;21,1
D24091020;2560186.58;1204471.69;2024-08-31;01:30;21,6
D24091020;2560186.58;1204471.69;2024-08-31;01:00;21,8
D24091020;2560186.58;1204471.69;2024-08-31;00:30;22
D24091020;2560186.58;1204471.69;2024-08-31;00:00;22,5
D24091020;2560186.58;1204471.69;2024-08-30;23:30;22,9
D24091020;2560186.58;1204471.69;2024-08-30;23:00;23,4
D24091020;2560186.58;1204471.69;2024-08-30;22:30;24,2
D24091020;2560186.58;1204471.69;2024-08-30;22:00;24,6
D24091020;2560186.58;1204471.69;2024-08-30;21:30;25,5
D24091020;2560186.58;1204471.69;2024-08-30;21:00;26,2
D24091020;2560186.58;1204471.69;2024-08-30;20:30;26,7
D24091020;2560186.58;1204471.69;2024-08-30;20:00;27,2
D24091020;2560186.58;1204471.69;2024-08-30;19:30;27,6
D24091020;2560186.58;1204471.69;2024-08-30;19:00;29
D24091020;2560186.58;1204471.69;2024-08-30;18:30;30,3
D24091020;2560186.58;1204471.69;2024-08-30;18:00;34,6
D24091020;2560186.58;1204471.69;2024-08-30;17:30;34
D24091020;2560186.58;1204471.69;2024-08-30;17:00;36
D24091020;2560186.58;1204471.69;2024-08-30;16:30;35,5
D24091020;2560186.58;1204471.69;2024-08-30;16:00;36,4
D24091020;2560186.58;1204471.69;2024-08-30;15:30;35,2
D24091020;2560186.58;1204471.69;2024-08-30;15:00;34,3
D24091020;2560186.58;1204471.69;2024-08-30;14:30;36,3
D24091020;2560186.58;1204471.69;2024-08-30;14:00;34,2
D24091020;2560186.58;1204471.69;2024-08-30;13:30;32,2
D24091020;2560186.58;1204471.69;2024-08-30;13:00;31,2
D24091020;2560186.58;1204471.69;2024-08-30;12:30;30,4
D24091020;2560186.58;1204471.69;2024-08-30;12:00;29
D24091020;2560186.58;1204471.69;2024-08-30;11:30;29
D24091020;2560186.58;1204471.69;2024-08-30;11:00;30,6
D24091020;2560186.58;1204471.69;2024-08-30;10:30;28,1
D24091020;2560186.58;1204471.69;2024-08-30;10:00;27,4
D24091020;2560186.58;1204471.69;2024-08-30;09:30;27,1
D24091020;2560186.58;1204471.69;2024-08-30;09:00;27
D24091020;2560186.58;1204471.69;2024-08-30;08:30;23,7
D24091020;2560186.58;1204471.69;2024-08-30;08:00;22,5
D24091020;2560186.58;1204471.69;2024-08-30;07:30;19,9
D24091020;2560186.58;1204471.69;2024-08-30;07:00;18,9
D24091020;2560186.58;1204471.69;2024-08-30;06:30;18,4
D24091020;2560186.58;1204471.69;2024-08-30;06:00;18,4
D24091020;2560186.58;1204471.69;2024-08-30;05:30;18,8
D24091020;2560186.58;1204471.69;2024-08-30;05:00;18,8
D24091020;2560186.58;1204471.69;2024-08-30;04:30;18,9
D24091020;2560186.58;1204471.69;2024-08-30;04:00;18,9
D24091020;2560186.58;1204471.69;2024-08-30;03:30;19,1
D24091020;2560186.58;1204471.69;2024-08-30;03:00;19,3
D24091020;2560186.58;1204471.69;2024-08-30;02:30;19,6
D24091020;2560186.58;1204471.69;2024-08-30;02:00;20
D24091020;2560186.58;1204471.69;2024-08-30;01:30;20,3
D24091020;2560186.58;1204471.69;2024-08-30;01:00;20,6
D24091020;2560186.58;1204471.69;2024-08-30;00:30;21
D24091020;2560186.58;1204471.69;2024-08-30;00:00;21,4
D24091020;2560186.58;1204471.69;2024-08-29;23:30;21,5
D24091020;2560186.58;1204471.69;2024-08-29;23:00;21,9
D24091020;2560186.58;1204471.69;2024-08-29;22:30;22,4
D24091020;2560186.58;1204471.69;2024-08-29;22:00;23
D24091020;2560186.58;1204471.69;2024-08-29;21:30;23,2
D24091020;2560186.58;1204471.69;2024-08-29;21:00;23,8
D24091020;2560186.58;1204471.69;2024-08-29;20:30;24,6
D24091020;2560186.58;1204471.69;2024-08-29;20:00;25,6
D24091020;2560186.58;1204471.69;2024-08-29;19:30;26,7
D24091020;2560186.58;1204471.69;2024-08-29;19:00;28,9
D24091020;2560186.58;1204471.69;2024-08-29;18:30;29,7
D24091020;2560186.58;1204471.69;2024-08-29;18:00;26,9
D24091020;2560186.58;1204471.69;2024-08-29;17:30;27,8
D24091020;2560186.58;1204471.69;2024-08-29;17:00;31,6
D24091020;2560186.58;1204471.69;2024-08-29;16:30;38
D24091020;2560186.58;1204471.69;2024-08-29;16:00;37,3
D24091020;2560186.58;1204471.69;2024-08-29;15:30;36,8
D24091020;2560186.58;1204471.69;2024-08-29;15:00;37,7
D24091020;2560186.58;1204471.69;2024-08-29;14:30;33,7
D24091020;2560186.58;1204471.69;2024-08-29;14:00;31,6
D24091020;2560186.58;1204471.69;2024-08-29;13:30;31,2
D24091020;2560186.58;1204471.69;2024-08-29;13:00;30,4
D24091020;2560186.58;1204471.69;2024-08-29;12:30;29,7
D24091020;2560186.58;1204471.69;2024-08-29;12:00;29,7
D24091020;2560186.58;1204471.69;2024-08-29;11:30;29,5
D24091020;2560186.58;1204471.69;2024-08-29;11:00;29,2
D24091020;2560186.58;1204471.69;2024-08-29;10:30;28,4
D24091020;2560186.58;1204471.69;2024-08-29;10:00;27,3
D24091020;2560186.58;1204471.69;2024-08-29;09:30;26,4
D24091020;2560186.58;1204471.69;2024-08-29;09:00;28,1
D24091020;2560186.58;1204471.69;2024-08-29;08:30;26,7
D24091020;2560186.58;1204471.69;2024-08-29;08:00;23,4
D24091020;2560186.58;1204471.69;2024-08-29;07:30;17,9
D24091020;2560186.58;1204471.69;2024-08-29;07:00;17
D24091020;2560186.58;1204471.69;2024-08-29;06:30;16,8
D24091020;2560186.58;1204471.69;2024-08-29;06:00;16,9
D24091020;2560186.58;1204471.69;2024-08-29;05:30;17,1
D24091020;2560186.58;1204471.69;2024-08-29;05:00;17,1
D24091020;2560186.58;1204471.69;2024-08-29;04:30;17,6
D24091020;2560186.58;1204471.69;2024-08-29;04:00;17,5
D24091020;2560186.58;1204471.69;2024-08-29;03:30;17,7
D24091020;2560186.58;1204471.69;2024-08-29;03:00;17,9
D24091020;2560186.58;1204471.69;2024-08-29;02:30;18,4
D24091020;2560186.58;1204471.69;2024-08-29;02:00;18,5
D24091020;2560186.58;1204471.69;2024-08-29;01:30;18,8
D24091020;2560186.58;1204471.69;2024-08-29;01:00;19,2
D24091020;2560186.58;1204471.69;2024-08-29;00:30;19,4
D24091020;2560186.58;1204471.69;2024-08-29;00:00;19,8
D24091020;2560186.58;1204471.69;2024-08-28;23:30;20,1
D24091020;2560186.58;1204471.69;2024-08-28;23:00;20,5
D24091020;2560186.58;1204471.69;2024-08-28;22:30;20,8
D24091020;2560186.58;1204471.69;2024-08-28;22:00;21,3
D24091020;2560186.58;1204471.69;2024-08-28;21:30;21,9
D24091020;2560186.58;1204471.69;2024-08-28;21:00;22,6
D24091020;2560186.58;1204471.69;2024-08-28;20:30;23,5
D24091020;2560186.58;1204471.69;2024-08-28;20:00;24,2
D24091020;2560186.58;1204471.69;2024-08-28;19:30;26
D24091020;2560186.58;1204471.69;2024-08-28;19:00;28,9
D24091020;2560186.58;1204471.69;2024-08-28;18:30;30,2
D24091020;2560186.58;1204471.69;2024-08-28;18:00;32,6
D24091020;2560186.58;1204471.69;2024-08-28;17:30;33,7
D24091020;2560186.58;1204471.69;2024-08-28;17:00;34,5
D24091020;2560186.58;1204471.69;2024-08-28;16:30;34,4
D24091020;2560186.58;1204471.69;2024-08-28;16:00;35,4
D24091020;2560186.58;1204471.69;2024-08-28;15:30;33,1
D24091020;2560186.58;1204471.69;2024-08-28;15:00;34,7
D24091020;2560186.58;1204471.69;2024-08-28;14:30;33
D24091020;2560186.58;1204471.69;2024-08-28;14:00;31,5
D24091020;2560186.58;1204471.69;2024-08-28;13:30;29,4
D24091020;2560186.58;1204471.69;2024-08-28;13:00;28,2
D24091020;2560186.58;1204471.69;2024-08-28;12:30;27,8
D24091020;2560186.58;1204471.69;2024-08-28;12:00;27,4
D24091020;2560186.58;1204471.69;2024-08-28;11:30;27,3
D24091020;2560186.58;1204471.69;2024-08-28;11:00;26,9
D24091020;2560186.58;1204471.69;2024-08-28;10:30;26,8
D24091020;2560186.58;1204471.69;2024-08-28;10:00;25,8
D24091020;2560186.58;1204471.69;2024-08-28;09:30;24,7
D24091020;2560186.58;1204471.69;2024-08-28;09:00;26,3
D24091020;2560186.58;1204471.69;2024-08-28;08:30;24,4
D24091020;2560186.58;1204471.69;2024-08-28;08:00;21,4
D24091020;2560186.58;1204471.69;2024-08-28;07:30;16,1
D24091020;2560186.58;1204471.69;2024-08-28;07:00;15,2
D24091020;2560186.58;1204471.69;2024-08-28;06:30;14,8
D24091020;2560186.58;1204471.69;2024-08-28;06:00;15
D24091020;2560186.58;1204471.69;2024-08-28;05:30;15,5
D24091020;2560186.58;1204471.69;2024-08-28;05:00;15,6
D24091020;2560186.58;1204471.69;2024-08-28;04:30;15,7
D24091020;2560186.58;1204471.69;2024-08-28;04:00;15,8
D24091020;2560186.58;1204471.69;2024-08-28;03:30;15,9
D24091020;2560186.58;1204471.69;2024-08-28;03:00;16,2
D24091020;2560186.58;1204471.69;2024-08-28;02:30;16,2
D24091020;2560186.58;1204471.69;2024-08-28;02:00;16,6
D24091020;2560186.58;1204471.69;2024-08-28;01:30;16,8
D24091020;2560186.58;1204471.69;2024-08-28;01:00;16,9
D24091020;2560186.58;1204471.69;2024-08-28;00:30;17,1
D24091020;2560186.58;1204471.69;2024-08-28;00:00;17,4
D24091020;2560186.58;1204471.69;2024-08-27;23:30;17,8
D24091020;2560186.58;1204471.69;2024-08-27;23:00;18,2
D24091020;2560186.58;1204471.69;2024-08-27;22:30;18
D24091020;2560186.58;1204471.69;2024-08-27;22:00;18,2
D24091020;2560186.58;1204471.69;2024-08-27;21:30;18,7
D24091020;2560186.58;1204471.69;2024-08-27;21:00;19,8
D24091020;2560186.58;1204471.69;2024-08-27;20:30;19,8
D24091020;2560186.58;1204471.69;2024-08-27;20:00;21
D24091020;2560186.58;1204471.69;2024-08-27;19:30;22,3
D24091020;2560186.58;1204471.69;2024-08-27;19:00;23,3
D24091020;2560186.58;1204471.69;2024-08-27;18:30;24,8
D24091020;2560186.58;1204471.69;2024-08-27;18:00;26
D24091020;2560186.58;1204471.69;2024-08-27;17:30;27,6
D24091020;2560186.58;1204471.69;2024-08-27;17:00;29
D24091020;2560186.58;1204471.69;2024-08-27;16:30;29,7
D24091020;2560186.58;1204471.69;2024-08-27;16:00;30,4
D24091020;2560186.58;1204471.69;2024-08-27;15:30;30,7
D24091020;2560186.58;1204471.69;2024-08-27;15:00;29,8
D24091020;2560186.58;1204471.69;2024-08-27;14:30;28,9
D24091020;2560186.58;1204471.69;2024-08-27;14:00;27,6
D24091020;2560186.58;1204471.69;2024-08-27;13:30;27,3
D24091020;2560186.58;1204471.69;2024-08-27;13:00;25,9
D24091020;2560186.58;1204471.69;2024-08-27;12:30;25,7
D24091020;2560186.58;1204471.69;2024-08-27;12:00;25,7
D24091020;2560186.58;1204471.69;2024-08-27;11:30;25
D24091020;2560186.58;1204471.69;2024-08-27;11:00;24,3
D24091020;2560186.58;1204471.69;2024-08-27;10:30;23,4
D24091020;2560186.58;1204471.69;2024-08-27;10:00;22,6
D24091020;2560186.58;1204471.69;2024-08-27;09:30;22
D24091020;2560186.58;1204471.69;2024-08-27;09:00;21,7
D24091020;2560186.58;1204471.69;2024-08-27;08:30;19,3
D24091020;2560186.58;1204471.69;2024-08-27;08:00;21,5
D24091020;2560186.58;1204471.69;2024-08-27;07:30;15,1
D24091020;2560186.58;1204471.69;2024-08-27;07:00;13,2
D24091020;2560186.58;1204471.69;2024-08-27;06:30;13
D24091020;2560186.58;1204471.69;2024-08-27;06:00;13,1
D24091020;2560186.58;1204471.69;2024-08-27;05:30;13,3
D24091020;2560186.58;1204471.69;2024-08-27;05:00;13,5
D24091020;2560186.58;1204471.69;2024-08-27;04:30;13,8
D24091020;2560186.58;1204471.69;2024-08-27;04:00;14,1
D24091020;2560186.58;1204471.69;2024-08-27;03:30;14,3
D24091020;2560186.58;1204471.69;2024-08-27;03:00;16
D24091020;2560186.58;1204471.69;2024-08-27;02:30;16,9
D24091020;2560186.58;1204471.69;2024-08-27;02:00;16,9
D24091020;2560186.58;1204471.69;2024-08-27;01:30;15,6
D24091020;2560186.58;1204471.69;2024-08-27;01:00;15,3
D24091020;2560186.58;1204471.69;2024-08-27;00:30;15,6
D24091020;2560186.58;1204471.69;2024-08-27;00:00;15,9
D24091020;2560186.58;1204471.69;2024-08-26;23:30;16,2
D24091020;2560186.58;1204471.69;2024-08-26;23:00;16,7
D24091020;2560186.58;1204471.69;2024-08-26;22:30;16,9
D24091020;2560186.58;1204471.69;2024-08-26;22:00;17,3
D24091020;2560186.58;1204471.69;2024-08-26;21:30;17,5
D24091020;2560186.58;1204471.69;2024-08-26;21:00;17,6
D24091020;2560186.58;1204471.69;2024-08-26;20:30;18
D24091020;2560186.58;1204471.69;2024-08-26;20:00;19
D24091020;2560186.58;1204471.69;2024-08-26;19:30;20,1
D24091020;2560186.58;1204471.69;2024-08-26;19:00;21,2
D24091020;2560186.58;1204471.69;2024-08-26;18:30;21,9
D24091020;2560186.58;1204471.69;2024-08-26;18:00;23,8
D24091020;2560186.58;1204471.69;2024-08-26;17:30;24,9
D24091020;2560186.58;1204471.69;2024-08-26;17:00;23,4
D24091020;2560186.58;1204471.69;2024-08-26;16:30;24,2
D24091020;2560186.58;1204471.69;2024-08-26;16:00;24,5
D24091020;2560186.58;1204471.69;2024-08-26;15:30;25,3
D24091020;2560186.58;1204471.69;2024-08-26;15:00;25,9
D24091020;2560186.58;1204471.69;2024-08-26;14:30;26,6
D24091020;2560186.58;1204471.69;2024-08-26;14:00;26,2
D24091020;2560186.58;1204471.69;2024-08-26;13:30;26,8
D24091020;2560186.58;1204471.69;2024-08-26;13:00;27,2
D24091020;2560186.58;1204471.69;2024-08-26;12:30;24,6
D24091020;2560186.58;1204471.69;2024-08-26;12:00;22,4
D24091020;2560186.58;1204471.69;2024-08-26;11:30;21,8
D24091020;2560186.58;1204471.69;2024-08-26;11:00;21
D24091020;2560186.58;1204471.69;2024-08-26;10:30;19,8
D24091020;2560186.58;1204471.69;2024-08-26;10:00;19,9
D24091020;2560186.58;1204471.69;2024-08-26;09:30;19,9
D24091020;2560186.58;1204471.69;2024-08-26;09:00;17,2
D24091020;2560186.58;1204471.69;2024-08-26;08:30;17
D24091020;2560186.58;1204471.69;2024-08-26;08:00;15,9
D24091020;2560186.58;1204471.69;2024-08-26;07:30;14,9
D24091020;2560186.58;1204471.69;2024-08-26;07:00;14,4
D24091020;2560186.58;1204471.69;2024-08-26;06:30;14
D24091020;2560186.58;1204471.69;2024-08-26;06:00;14,2
D24091020;2560186.58;1204471.69;2024-08-26;05:30;14,2
D24091020;2560186.58;1204471.69;2024-08-26;05:00;13,9
D24091020;2560186.58;1204471.69;2024-08-26;04:30;13,3
D24091020;2560186.58;1204471.69;2024-08-26;04:00;12,7
D24091020;2560186.58;1204471.69;2024-08-26;03:30;13
D24091020;2560186.58;1204471.69;2024-08-26;03:00;13,1
D24091020;2560186.58;1204471.69;2024-08-26;02:30;13,5
D24091020;2560186.58;1204471.69;2024-08-26;02:00;14
D24091020;2560186.58;1204471.69;2024-08-26;01:30;14,2
D24091020;2560186.58;1204471.69;2024-08-26;01:00;14,1
D24091020;2560186.58;1204471.69;2024-08-26;00:30;13,8
D24091020;2560186.58;1204471.69;2024-08-26;00:00;13,9
D24091020;2560186.58;1204471.69;2024-08-25;23:30;13,6
D24091020;2560186.58;1204471.69;2024-08-25;23:00;13,9
D24091020;2560186.58;1204471.69;2024-08-25;22:30;14,2
D24091020;2560186.58;1204471.69;2024-08-25;22:00;14,4
D24091020;2560186.58;1204471.69;2024-08-25;21:30;14,9
D24091020;2560186.58;1204471.69;2024-08-25;21:00;15,6
D24091020;2560186.58;1204471.69;2024-08-25;20:30;16,2
D24091020;2560186.58;1204471.69;2024-08-25;20:00;17,3
D24091020;2560186.58;1204471.69;2024-08-25;19:30;18,4
D24091020;2560186.58;1204471.69;2024-08-25;19:00;20,1
D24091020;2560186.58;1204471.69;2024-08-25;18:30;22,4
D24091020;2560186.58;1204471.69;2024-08-25;18:00;22,3
D24091020;2560186.58;1204471.69;2024-08-25;17:30;22,3
D24091020;2560186.58;1204471.69;2024-08-25;17:00;19,2
D24091020;2560186.58;1204471.69;2024-08-25;16:30;19,7
D24091020;2560186.58;1204471.69;2024-08-25;16:00;20,4
D24091020;2560186.58;1204471.69;2024-08-25;15:30;21
D24091020;2560186.58;1204471.69;2024-08-25;15:00;19,6
D24091020;2560186.58;1204471.69;2024-08-25;14:30;20,8
D24091020;2560186.58;1204471.69;2024-08-25;14:00;20,8
D24091020;2560186.58;1204471.69;2024-08-25;13:30;20,9
D24091020;2560186.58;1204471.69;2024-08-25;13:00;22,7
D24091020;2560186.58;1204471.69;2024-08-25;12:30;22,2
D24091020;2560186.58;1204471.69;2024-08-25;12:00;23,7
D24091020;2560186.58;1204471.69;2024-08-25;11:30;22,9
D24091020;2560186.58;1204471.69;2024-08-25;11:00;22,4
D24091020;2560186.58;1204471.69;2024-08-25;10:30;18,4
D24091020;2560186.58;1204471.69;2024-08-25;10:00;18,5
D24091020;2560186.58;1204471.69;2024-08-25;09:30;17,1
D24091020;2560186.58;1204471.69;2024-08-25;09:00;15,6
D24091020;2560186.58;1204471.69;2024-08-25;08:30;15,1
D24091020;2560186.58;1204471.69;2024-08-25;08:00;14,7
D24091020;2560186.58;1204471.69;2024-08-25;07:30;14,3
D24091020;2560186.58;1204471.69;2024-08-25;07:00;14,3
D24091020;2560186.58;1204471.69;2024-08-25;06:30;14,5
D24091020;2560186.58;1204471.69;2024-08-25;06:00;14,4
D24091020;2560186.58;1204471.69;2024-08-25;05:30;14,3
D24091020;2560186.58;1204471.69;2024-08-25;05:00;14,8
D24091020;2560186.58;1204471.69;2024-08-25;04:30;14,9
D24091020;2560186.58;1204471.69;2024-08-25;04:00;15
D24091020;2560186.58;1204471.69;2024-08-25;03:30;15,8
D24091020;2560186.58;1204471.69;2024-08-25;03:00;18,6
D24091020;2560186.58;1204471.69;2024-08-25;02:30;18,7
D24091020;2560186.58;1204471.69;2024-08-25;02:00;18,9
D24091020;2560186.58;1204471.69;2024-08-25;01:30;19,7
D24091020;2560186.58;1204471.69;2024-08-25;01:00;21
D24091020;2560186.58;1204471.69;2024-08-25;00:30;21,3
D24091020;2560186.58;1204471.69;2024-08-25;00:00;23
D24091020;2560186.58;1204471.69;2024-08-24;23:30;23,1
D24091020;2560186.58;1204471.69;2024-08-24;23:00;23,8
D24091020;2560186.58;1204471.69;2024-08-24;22:30;25
D24091020;2560186.58;1204471.69;2024-08-24;22:00;25,5
D24091020;2560186.58;1204471.69;2024-08-24;21:30;24,3
D24091020;2560186.58;1204471.69;2024-08-24;21:00;24,5
D24091020;2560186.58;1204471.69;2024-08-24;20:30;25
D24091020;2560186.58;1204471.69;2024-08-24;20:00;26,1
D24091020;2560186.58;1204471.69;2024-08-24;19:30;27,7
D24091020;2560186.58;1204471.69;2024-08-24;19:00;31,4
D24091020;2560186.58;1204471.69;2024-08-24;18:30;35,8
D24091020;2560186.58;1204471.69;2024-08-24;18:00;35,4
D24091020;2560186.58;1204471.69;2024-08-24;17:30;36,3
D24091020;2560186.58;1204471.69;2024-08-24;17:00;36,6
D24091020;2560186.58;1204471.69;2024-08-24;16:30;38,1
D24091020;2560186.58;1204471.69;2024-08-24;16:00;36,7
D24091020;2560186.58;1204471.69;2024-08-24;15:30;36,6
D24091020;2560186.58;1204471.69;2024-08-24;15:00;36,1
D24091020;2560186.58;1204471.69;2024-08-24;14:30;34,1
D24091020;2560186.58;1204471.69;2024-08-24;14:00;33,3
D24091020;2560186.58;1204471.69;2024-08-24;13:30;31,2
D24091020;2560186.58;1204471.69;2024-08-24;13:00;31,5
D24091020;2560186.58;1204471.69;2024-08-24;12:30;29,5
D24091020;2560186.58;1204471.69;2024-08-24;12:00;29,1
D24091020;2560186.58;1204471.69;2024-08-24;11:30;29,2
D24091020;2560186.58;1204471.69;2024-08-24;11:00;28,1
D24091020;2560186.58;1204471.69;2024-08-24;10:30;28,1
D24091020;2560186.58;1204471.69;2024-08-24;10:00;26,3
D24091020;2560186.58;1204471.69;2024-08-24;09:30;27,6
D24091020;2560186.58;1204471.69;2024-08-24;09:00;26,7
D24091020;2560186.58;1204471.69;2024-08-24;08:30;26,6
D24091020;2560186.58;1204471.69;2024-08-24;08:00;23,9
D24091020;2560186.58;1204471.69;2024-08-24;07:30;20,5
D24091020;2560186.58;1204471.69;2024-08-24;07:00;15,8
D24091020;2560186.58;1204471.69;2024-08-24;06:30;15,9
D24091020;2560186.58;1204471.69;2024-08-24;06:00;15,9
D24091020;2560186.58;1204471.69;2024-08-24;05:30;16,1
D24091020;2560186.58;1204471.69;2024-08-24;05:00;16,5
D24091020;2560186.58;1204471.69;2024-08-24;04:30;16,6
D24091020;2560186.58;1204471.69;2024-08-24;04:00;17
D24091020;2560186.58;1204471.69;2024-08-24;03:30;17,2
D24091020;2560186.58;1204471.69;2024-08-24;03:00;17,1
D24091020;2560186.58;1204471.69;2024-08-24;02:30;17,5
D24091020;2560186.58;1204471.69;2024-08-24;02:00;17,8
D24091020;2560186.58;1204471.69;2024-08-24;01:30;18,4
D24091020;2560186.58;1204471.69;2024-08-24;01:00;18,9
D24091020;2560186.58;1204471.69;2024-08-24;00:30;19,5
D24091020;2560186.58;1204471.69;2024-08-24;00:00;19,9
D24091020;2560186.58;1204471.69;2024-08-23;23:30;20,4
D24091020;2560186.58;1204471.69;2024-08-23;23:00;21
D24091020;2560186.58;1204471.69;2024-08-23;22:30;21,2
D24091020;2560186.58;1204471.69;2024-08-23;22:00;22
D24091020;2560186.58;1204471.69;2024-08-23;21:30;22,9
D24091020;2560186.58;1204471.69;2024-08-23;21:00;23,6
D24091020;2560186.58;1204471.69;2024-08-23;20:30;24,3
D24091020;2560186.58;1204471.69;2024-08-23;20:00;25,6
D24091020;2560186.58;1204471.69;2024-08-23;19:30;26,5
D24091020;2560186.58;1204471.69;2024-08-23;19:00;30
D24091020;2560186.58;1204471.69;2024-08-23;18:30;34
D24091020;2560186.58;1204471.69;2024-08-23;18:00;36,2
D24091020;2560186.58;1204471.69;2024-08-23;17:30;36
D24091020;2560186.58;1204471.69;2024-08-23;17:00;37,9
D24091020;2560186.58;1204471.69;2024-08-23;16:30;37,9
D24091020;2560186.58;1204471.69;2024-08-23;16:00;38,2
D24091020;2560186.58;1204471.69;2024-08-23;15:30;36,7
D24091020;2560186.58;1204471.69;2024-08-23;15:00;35,2
D24091020;2560186.58;1204471.69;2024-08-23;14:30;34,2
D24091020;2560186.58;1204471.69;2024-08-23;14:00;33,3
D24091020;2560186.58;1204471.69;2024-08-23;13:30;29,2
D24091020;2560186.58;1204471.69;2024-08-23;13:00;29,1
D24091020;2560186.58;1204471.69;2024-08-23;12:30;28
D24091020;2560186.58;1204471.69;2024-08-23;12:00;28,3
D24091020;2560186.58;1204471.69;2024-08-23;11:30;26,5
D24091020;2560186.58;1204471.69;2024-08-23;11:00;26,6
D24091020;2560186.58;1204471.69;2024-08-23;10:30;25,7
D24091020;2560186.58;1204471.69;2024-08-23;10:00;25,8
D24091020;2560186.58;1204471.69;2024-08-23;09:30;26,9
D24091020;2560186.58;1204471.69;2024-08-23;09:00;26,1
D24091020;2560186.58;1204471.69;2024-08-23;08:30;24,5
D24091020;2560186.58;1204471.69;2024-08-23;08:00;22,7
D24091020;2560186.58;1204471.69;2024-08-23;07:30;19,3
D24091020;2560186.58;1204471.69;2024-08-23;07:00;14,8
D24091020;2560186.58;1204471.69;2024-08-23;06:30;14,4
D24091020;2560186.58;1204471.69;2024-08-23;06:00;14,5
D24091020;2560186.58;1204471.69;2024-08-23;05:30;14,7
D24091020;2560186.58;1204471.69;2024-08-23;05:00;14,9
D24091020;2560186.58;1204471.69;2024-08-23;04:30;15,5
D24091020;2560186.58;1204471.69;2024-08-23;04:00;15,4
D24091020;2560186.58;1204471.69;2024-08-23;03:30;16
D24091020;2560186.58;1204471.69;2024-08-23;03:00;16,1
D24091020;2560186.58;1204471.69;2024-08-23;02:30;16,3
D24091020;2560186.58;1204471.69;2024-08-23;02:00;16,7
D24091020;2560186.58;1204471.69;2024-08-23;01:30;16,8
D24091020;2560186.58;1204471.69;2024-08-23;01:00;17,1
D24091020;2560186.58;1204471.69;2024-08-23;00:30;17,6
D24091020;2560186.58;1204471.69;2024-08-23;00:00;17,8
D24091020;2560186.58;1204471.69;2024-08-22;23:30;18,3
D24091020;2560186.58;1204471.69;2024-08-22;23:00;18,7
D24091020;2560186.58;1204471.69;2024-08-22;22:30;19,2
D24091020;2560186.58;1204471.69;2024-08-22;22:00;19,9
D24091020;2560186.58;1204471.69;2024-08-22;21:30;20,3
D24091020;2560186.58;1204471.69;2024-08-22;21:00;20,7
D24091020;2560186.58;1204471.69;2024-08-22;20:30;21,1
D24091020;2560186.58;1204471.69;2024-08-22;20:00;22,5
D24091020;2560186.58;1204471.69;2024-08-22;19:30;24
D24091020;2560186.58;1204471.69;2024-08-22;19:00;26,6
D24091020;2560186.58;1204471.69;2024-08-22;18:30;28,3
D24091020;2560186.58;1204471.69;2024-08-22;18:00;28,7
D24091020;2560186.58;1204471.69;2024-08-22;17:30;29,8
D24091020;2560186.58;1204471.69;2024-08-22;17:00;30,6
D24091020;2560186.58;1204471.69;2024-08-22;16:30;30,8
D24091020;2560186.58;1204471.69;2024-08-22;16:00;31,6
D24091020;2560186.58;1204471.69;2024-08-22;15:30;30,7
D24091020;2560186.58;1204471.69;2024-08-22;15:00;30,5
D24091020;2560186.58;1204471.69;2024-08-22;14:30;28,9
D24091020;2560186.58;1204471.69;2024-08-22;14:00;26,9
D24091020;2560186.58;1204471.69;2024-08-22;13:30;25,8
D24091020;2560186.58;1204471.69;2024-08-22;13:00;24,7
D24091020;2560186.58;1204471.69;2024-08-22;12:30;24,5
D24091020;2560186.58;1204471.69;2024-08-22;12:00;23,8
D24091020;2560186.58;1204471.69;2024-08-22;11:30;23,4
D24091020;2560186.58;1204471.69;2024-08-22;11:00;23,5
D24091020;2560186.58;1204471.69;2024-08-22;10:30;23,4
D24091020;2560186.58;1204471.69;2024-08-22;10:00;23,1
D24091020;2560186.58;1204471.69;2024-08-22;09:30;23,3
D24091020;2560186.58;1204471.69;2024-08-22;09:00;26,2
D24091020;2560186.58;1204471.69;2024-08-22;08:30;23,7
D24091020;2560186.58;1204471.69;2024-08-22;08:00;21,7
D24091020;2560186.58;1204471.69;2024-08-22;07:30;18,4
D24091020;2560186.58;1204471.69;2024-08-22;07:00;12,7
D24091020;2560186.58;1204471.69;2024-08-22;06:30;12,5
D24091020;2560186.58;1204471.69;2024-08-22;06:00;12,6
D24091020;2560186.58;1204471.69;2024-08-22;05:30;12,9
D24091020;2560186.58;1204471.69;2024-08-22;05:00;12,9
D24091020;2560186.58;1204471.69;2024-08-22;04:30;13,1
D24091020;2560186.58;1204471.69;2024-08-22;04:00;13,2
D24091020;2560186.58;1204471.69;2024-08-22;03:30;13,2
D24091020;2560186.58;1204471.69;2024-08-22;03:00;13,6
D24091020;2560186.58;1204471.69;2024-08-22;02:30;13,7
D24091020;2560186.58;1204471.69;2024-08-22;02:00;14
D24091020;2560186.58;1204471.69;2024-08-22;01:30;14,1
D24091020;2560186.58;1204471.69;2024-08-22;01:00;14,4
D24091020;2560186.58;1204471.69;2024-08-22;00:30;14,7
D24091020;2560186.58;1204471.69;2024-08-22;00:00;15,2
D24091020;2560186.58;1204471.69;2024-08-21;23:30;15,6
D24091020;2560186.58;1204471.69;2024-08-21;23:00;16,1
D24091020;2560186.58;1204471.69;2024-08-21;22:30;16,7
D24091020;2560186.58;1204471.69;2024-08-21;22:00;17,1
D24091020;2560186.58;1204471.69;2024-08-21;21:30;17,9
D24091020;2560186.58;1204471.69;2024-08-21;21:00;18,4
D24091020;2560186.58;1204471.69;2024-08-21;20:30;18,9
D24091020;2560186.58;1204471.69;2024-08-21;20:00;19,8
D24091020;2560186.58;1204471.69;2024-08-21;19:30;20,7
D24091020;2560186.58;1204471.69;2024-08-21;19:00;22,1
D24091020;2560186.58;1204471.69;2024-08-21;18:30;24,1
D24091020;2560186.58;1204471.69;2024-08-21;18:00;26,3
D24091020;2560186.58;1204471.69;2024-08-21;17:30;26,8
D24091020;2560186.58;1204471.69;2024-08-21;17:00;28,4
D24091020;2560186.58;1204471.69;2024-08-21;16:30;29,1
D24091020;2560186.58;1204471.69;2024-08-21;16:00;28,3
D24091020;2560186.58;1204471.69;2024-08-21;15:30;29,5
D24091020;2560186.58;1204471.69;2024-08-21;15:00;28,4
D24091020;2560186.58;1204471.69;2024-08-21;14:30;27,1
D24091020;2560186.58;1204471.69;2024-08-21;14:00;27
D24091020;2560186.58;1204471.69;2024-08-21;13:30;29
D24091020;2560186.58;1204471.69;2024-08-21;13:00;29,3
D24091020;2560186.58;1204471.69;2024-08-21;12:30;26,7
D24091020;2560186.58;1204471.69;2024-08-21;12:00;27,7
D24091020;2560186.58;1204471.69;2024-08-21;11:30;27,9
D24091020;2560186.58;1204471.69;2024-08-21;11:00;28,2
D24091020;2560186.58;1204471.69;2024-08-21;10:30;26,7
D24091020;2560186.58;1204471.69;2024-08-21;10:00;26,3
D24091020;2560186.58;1204471.69;2024-08-21;09:30;23,8
D24091020;2560186.58;1204471.69;2024-08-21;09:00;23,8
D24091020;2560186.58;1204471.69;2024-08-21;08:30;25,7
D24091020;2560186.58;1204471.69;2024-08-21;08:00;20,6
D24091020;2560186.58;1204471.69;2024-08-21;07:30;18,8
D24091020;2560186.58;1204471.69;2024-08-21;07:00;19,2
D24091020;2560186.58;1204471.69;2024-08-21;06:30;19,4
D24091020;2560186.58;1204471.69;2024-08-21;06:00;19,3
D24091020;2560186.58;1204471.69;2024-08-21;05:30;19,4
D24091020;2560186.58;1204471.69;2024-08-21;05:00;18,3
D24091020;2560186.58;1204471.69;2024-08-21;04:30;18,4
D24091020;2560186.58;1204471.69;2024-08-21;04:00;18,2
D24091020;2560186.58;1204471.69;2024-08-21;03:30;19,4
D24091020;2560186.58;1204471.69;2024-08-21;03:00;19,5
D24091020;2560186.58;1204471.69;2024-08-21;02:30;19,2
D24091020;2560186.58;1204471.69;2024-08-21;02:00;18,5
D24091020;2560186.58;1204471.69;2024-08-21;01:30;18,3
D24091020;2560186.58;1204471.69;2024-08-21;01:00;18,2
D24091020;2560186.58;1204471.69;2024-08-21;00:30;19,1
D24091020;2560186.58;1204471.69;2024-08-21;00:00;19,6
D24091020;2560186.58;1204471.69;2024-08-20;23:30;20
D24091020;2560186.58;1204471.69;2024-08-20;23:00;20,5
D24091020;2560186.58;1204471.69;2024-08-20;22:30;21,2
D24091020;2560186.58;1204471.69;2024-08-20;22:00;21,6
D24091020;2560186.58;1204471.69;2024-08-20;21:30;21,7
D24091020;2560186.58;1204471.69;2024-08-20;21:00;21,9
D24091020;2560186.58;1204471.69;2024-08-20;20:30;22,4
D24091020;2560186.58;1204471.69;2024-08-20;20:00;23,9
D24091020;2560186.58;1204471.69;2024-08-20;19:30;25,4
D24091020;2560186.58;1204471.69;2024-08-20;19:00;26,3
D24091020;2560186.58;1204471.69;2024-08-20;18:30;27,9
D24091020;2560186.58;1204471.69;2024-08-20;18:00;27,8
D24091020;2560186.58;1204471.69;2024-08-20;17:30;29,7
D24091020;2560186.58;1204471.69;2024-08-20;17:00;29,4
D24091020;2560186.58;1204471.69;2024-08-20;16:30;28,1
D24091020;2560186.58;1204471.69;2024-08-20;16:00;29,6
D24091020;2560186.58;1204471.69;2024-08-20;15:30;28,3
D24091020;2560186.58;1204471.69;2024-08-20;15:00;28,7
D24091020;2560186.58;1204471.69;2024-08-20;14:30;28,1
D24091020;2560186.58;1204471.69;2024-08-20;14:00;26,3
D24091020;2560186.58;1204471.69;2024-08-20;13:30;25,3
D24091020;2560186.58;1204471.69;2024-08-20;13:00;26,1
D24091020;2560186.58;1204471.69;2024-08-20;12:30;26,3
D24091020;2560186.58;1204471.69;2024-08-20;12:00;25,3
D24091020;2560186.58;1204471.69;2024-08-20;11:30;24,5
D24091020;2560186.58;1204471.69;2024-08-20;11:00;21,4
D24091020;2560186.58;1204471.69;2024-08-20;10:30;20,1
D24091020;2560186.58;1204471.69;2024-08-20;10:00;19
D24091020;2560186.58;1204471.69;2024-08-20;09:30;19,7
D24091020;2560186.58;1204471.69;2024-08-20;09:00;19,4
D24091020;2560186.58;1204471.69;2024-08-20;08:30;18,1
D24091020;2560186.58;1204471.69;2024-08-20;08:00;20,7
D24091020;2560186.58;1204471.69;2024-08-20;07:30;16,5
D24091020;2560186.58;1204471.69;2024-08-20;07:00;15,4
D24091020;2560186.58;1204471.69;2024-08-20;06:30;14,6
D24091020;2560186.58;1204471.69;2024-08-20;06:00;14,7
D24091020;2560186.58;1204471.69;2024-08-20;05:30;14,8
D24091020;2560186.58;1204471.69;2024-08-20;05:00;14,8
D24091020;2560186.58;1204471.69;2024-08-20;04:30;15,2
D24091020;2560186.58;1204471.69;2024-08-20;04:00;15,4
D24091020;2560186.58;1204471.69;2024-08-20;03:30;15,2
D24091020;2560186.58;1204471.69;2024-08-20;03:00;15,8
D24091020;2560186.58;1204471.69;2024-08-20;02:30;15,6
D24091020;2560186.58;1204471.69;2024-08-20;02:00;16,3
D24091020;2560186.58;1204471.69;2024-08-20;01:30;16,5
D24091020;2560186.58;1204471.69;2024-08-20;01:00;17,6
D24091020;2560186.58;1204471.69;2024-08-20;00:30;17,9
D24091020;2560186.58;1204471.69;2024-08-20;00:00;18,2
D24091020;2560186.58;1204471.69;2024-08-19;23:30;18,4
D24091020;2560186.58;1204471.69;2024-08-19;23:00;18,7
D24091020;2560186.58;1204471.69;2024-08-19;22:30;19,7
D24091020;2560186.58;1204471.69;2024-08-19;22:00;19,9
D24091020;2560186.58;1204471.69;2024-08-19;21:30;20,3
D24091020;2560186.58;1204471.69;2024-08-19;21:00;20,5
D24091020;2560186.58;1204471.69;2024-08-19;20:30;21,4
D24091020;2560186.58;1204471.69;2024-08-19;20:00;22
D24091020;2560186.58;1204471.69;2024-08-19;19:30;22,6
D24091020;2560186.58;1204471.69;2024-08-19;19:00;23,4
D24091020;2560186.58;1204471.69;2024-08-19;18:30;24,5
D24091020;2560186.58;1204471.69;2024-08-19;18:00;24,7
D24091020;2560186.58;1204471.69;2024-08-19;17:30;27,1
D24091020;2560186.58;1204471.69;2024-08-19;17:00;28,5
D24091020;2560186.58;1204471.69;2024-08-19;16:30;28,6
D24091020;2560186.58;1204471.69;2024-08-19;16:00;29,8
D24091020;2560186.58;1204471.69;2024-08-19;15:30;29
D24091020;2560186.58;1204471.69;2024-08-19;15:00;27,9
D24091020;2560186.58;1204471.69;2024-08-19;14:30;26,9
D24091020;2560186.58;1204471.69;2024-08-19;14:00;26,9
D24091020;2560186.58;1204471.69;2024-08-19;13:30;26,3
D24091020;2560186.58;1204471.69;2024-08-19;13:00;25,3
D24091020;2560186.58;1204471.69;2024-08-19;12:30;24,8
D24091020;2560186.58;1204471.69;2024-08-19;12:00;23,8
D24091020;2560186.58;1204471.69;2024-08-19;11:30;23,6
D24091020;2560186.58;1204471.69;2024-08-19;11:00;24,1
D24091020;2560186.58;1204471.69;2024-08-19;10:30;24,2
D24091020;2560186.58;1204471.69;2024-08-19;10:00;23,5
D24091020;2560186.58;1204471.69;2024-08-19;09:30;23,5
D24091020;2560186.58;1204471.69;2024-08-19;09:00;20,5
D24091020;2560186.58;1204471.69;2024-08-19;08:30;16
D24091020;2560186.58;1204471.69;2024-08-19;08:00;15,2
D24091020;2560186.58;1204471.69;2024-08-19;07:30;14,6
D24091020;2560186.58;1204471.69;2024-08-19;07:00;14,4
D24091020;2560186.58;1204471.69;2024-08-19;06:30;14,4
D24091020;2560186.58;1204471.69;2024-08-19;06:00;14,7
D24091020;2560186.58;1204471.69;2024-08-19;05:30;14,8
D24091020;2560186.58;1204471.69;2024-08-19;05:00;15,4
D24091020;2560186.58;1204471.69;2024-08-19;04:30;15,7
D24091020;2560186.58;1204471.69;2024-08-19;04:00;15,6
D24091020;2560186.58;1204471.69;2024-08-19;03:30;15,7
D24091020;2560186.58;1204471.69;2024-08-19;03:00;15,6
D24091020;2560186.58;1204471.69;2024-08-19;02:30;15,3
D24091020;2560186.58;1204471.69;2024-08-19;02:00;15,3
D24091020;2560186.58;1204471.69;2024-08-19;01:30;15,3
D24091020;2560186.58;1204471.69;2024-08-19;01:00;15,5
D24091020;2560186.58;1204471.69;2024-08-19;00:30;15,3
D24091020;2560186.58;1204471.69;2024-08-19;00:00;15,5
D24091020;2560186.58;1204471.69;2024-08-18;23:30;15,5
D24091020;2560186.58;1204471.69;2024-08-18;23:00;15,8
D24091020;2560186.58;1204471.69;2024-08-18;22:30;16
D24091020;2560186.58;1204471.69;2024-08-18;22:00;16
D24091020;2560186.58;1204471.69;2024-08-18;21:30;16,1
D24091020;2560186.58;1204471.69;2024-08-18;21:00;16,1
D24091020;2560186.58;1204471.69;2024-08-18;20:30;16,1
D24091020;2560186.58;1204471.69;2024-08-18;20:00;15,9
D24091020;2560186.58;1204471.69;2024-08-18;19:30;16,2
D24091020;2560186.58;1204471.69;2024-08-18;19:00;17,1
D24091020;2560186.58;1204471.69;2024-08-18;18:30;16,9
D24091020;2560186.58;1204471.69;2024-08-18;18:00;17,3
D24091020;2560186.58;1204471.69;2024-08-18;17:30;17,1
D24091020;2560186.58;1204471.69;2024-08-18;17:00;17,9
D24091020;2560186.58;1204471.69;2024-08-18;16:30;18,4
D24091020;2560186.58;1204471.69;2024-08-18;16:00;22,1
D24091020;2560186.58;1204471.69;2024-08-18;15:30;22,2
D24091020;2560186.58;1204471.69;2024-08-18;15:00;21,5
D24091020;2560186.58;1204471.69;2024-08-18;14:30;21,2
D24091020;2560186.58;1204471.69;2024-08-18;14:00;21,5
D24091020;2560186.58;1204471.69;2024-08-18;13:30;22,8
D24091020;2560186.58;1204471.69;2024-08-18;13:00;24,9
D24091020;2560186.58;1204471.69;2024-08-18;12:30;25
D24091020;2560186.58;1204471.69;2024-08-18;12:00;22,2
D24091020;2560186.58;1204471.69;2024-08-18;11:30;22,9
D24091020;2560186.58;1204471.69;2024-08-18;11:00;20,9
D24091020;2560186.58;1204471.69;2024-08-18;10:30;18,1
D24091020;2560186.58;1204471.69;2024-08-18;10:00;17,7
D24091020;2560186.58;1204471.69;2024-08-18;09:30;17
D24091020;2560186.58;1204471.69;2024-08-18;09:00;19,1
D24091020;2560186.58;1204471.69;2024-08-18;08:30;19,6
D24091020;2560186.58;1204471.69;2024-08-18;08:00;18,2
D24091020;2560186.58;1204471.69;2024-08-18;07:30;17,4
D24091020;2560186.58;1204471.69;2024-08-18;07:00;17,3
D24091020;2560186.58;1204471.69;2024-08-18;06:30;17,3
D24091020;2560186.58;1204471.69;2024-08-18;06:00;17,2
D24091020;2560186.58;1204471.69;2024-08-18;05:30;17,1
D24091020;2560186.58;1204471.69;2024-08-18;05:00;17,1
D24091020;2560186.58;1204471.69;2024-08-18;04:30;16,9
D24091020;2560186.58;1204471.69;2024-08-18;04:00;17
D24091020;2560186.58;1204471.69;2024-08-18;03:30;17,5
D24091020;2560186.58;1204471.69;2024-08-18;03:00;17,7
D24091020;2560186.58;1204471.69;2024-08-18;02:30;18,3
D24091020;2560186.58;1204471.69;2024-08-18;02:00;18,4
D24091020;2560186.58;1204471.69;2024-08-18;01:30;18,3
D24091020;2560186.58;1204471.69;2024-08-18;01:00;18,3
D24091020;2560186.58;1204471.69;2024-08-18;00:30;18,5
D24091020;2560186.58;1204471.69;2024-08-18;00:00;18,4
D24091020;2560186.58;1204471.69;2024-08-17;23:30;19,5
D24091020;2560186.58;1204471.69;2024-08-17;23:00;21,2
D24091020;2560186.58;1204471.69;2024-08-17;22:30;22,7
D24091020;2560186.58;1204471.69;2024-08-17;22:00;23,3
D24091020;2560186.58;1204471.69;2024-08-17;21:30;23,6
D24091020;2560186.58;1204471.69;2024-08-17;21:00;24,2
D24091020;2560186.58;1204471.69;2024-08-17;20:30;24,8
D24091020;2560186.58;1204471.69;2024-08-17;20:00;25,9
D24091020;2560186.58;1204471.69;2024-08-17;19:30;27,2
D24091020;2560186.58;1204471.69;2024-08-17;19:00;27,1
D24091020;2560186.58;1204471.69;2024-08-17;18:30;27,8
D24091020;2560186.58;1204471.69;2024-08-17;18:00;30,1
D24091020;2560186.58;1204471.69;2024-08-17;17:30;30,6
D24091020;2560186.58;1204471.69;2024-08-17;17:00;30,9
D24091020;2560186.58;1204471.69;2024-08-17;16:30;31,6
D24091020;2560186.58;1204471.69;2024-08-17;16:00;33
D24091020;2560186.58;1204471.69;2024-08-17;15:30;32,1
D24091020;2560186.58;1204471.69;2024-08-17;15:00;32,5
D24091020;2560186.58;1204471.69;2024-08-17;14:30;30,3
D24091020;2560186.58;1204471.69;2024-08-17;14:00;32,7
D24091020;2560186.58;1204471.69;2024-08-17;13:30;29,7
D24091020;2560186.58;1204471.69;2024-08-17;13:00;28,9
D24091020;2560186.58;1204471.69;2024-08-17;12:30;28,6
D24091020;2560186.58;1204471.69;2024-08-17;12:00;29,7
D24091020;2560186.58;1204471.69;2024-08-17;11:30;27,1
D24091020;2560186.58;1204471.69;2024-08-17;11:00;28,1
D24091020;2560186.58;1204471.69;2024-08-17;10:30;27
D24091020;2560186.58;1204471.69;2024-08-17;10:00;26,7
D24091020;2560186.58;1204471.69;2024-08-17;09:30;26,6
D24091020;2560186.58;1204471.69;2024-08-17;09:00;26
D24091020;2560186.58;1204471.69;2024-08-17;08:30;22,5
D24091020;2560186.58;1204471.69;2024-08-17;08:00;21,6
D24091020;2560186.58;1204471.69;2024-08-17;07:30;20,3
D24091020;2560186.58;1204471.69;2024-08-17;07:00;19,6
D24091020;2560186.58;1204471.69;2024-08-17;06:30;19,5
D24091020;2560186.58;1204471.69;2024-08-17;06:00;19,6
D24091020;2560186.58;1204471.69;2024-08-17;05:30;19,8
D24091020;2560186.58;1204471.69;2024-08-17;05:00;20
D24091020;2560186.58;1204471.69;2024-08-17;04:30;20
D24091020;2560186.58;1204471.69;2024-08-17;04:00;19,9
D24091020;2560186.58;1204471.69;2024-08-17;03:30;19,8
D24091020;2560186.58;1204471.69;2024-08-17;03:00;20,2
D24091020;2560186.58;1204471.69;2024-08-17;02:30;22,5
D24091020;2560186.58;1204471.69;2024-08-17;02:00;22,5
D24091020;2560186.58;1204471.69;2024-08-17;01:30;22,6
D24091020;2560186.58;1204471.69;2024-08-17;01:00;22,8
D24091020;2560186.58;1204471.69;2024-08-17;00:30;23,2
D24091020;2560186.58;1204471.69;2024-08-17;00:00;23,6
D24091020;2560186.58;1204471.69;2024-08-16;23:30;23,7
D24091020;2560186.58;1204471.69;2024-08-16;23:00;24,1
D24091020;2560186.58;1204471.69;2024-08-16;22:30;24,6
D24091020;2560186.58;1204471.69;2024-08-16;22:00;25,4
D24091020;2560186.58;1204471.69;2024-08-16;21:30;24,9
D24091020;2560186.58;1204471.69;2024-08-16;21:00;25,1
D24091020;2560186.58;1204471.69;2024-08-16;20:30;25,8
D24091020;2560186.58;1204471.69;2024-08-16;20:00;26,4
D24091020;2560186.58;1204471.69;2024-08-16;19:30;27,7
D24091020;2560186.58;1204471.69;2024-08-16;19:00;29,3
D24091020;2560186.58;1204471.69;2024-08-16;18:30;30,2
D24091020;2560186.58;1204471.69;2024-08-16;18:00;32,2
D24091020;2560186.58;1204471.69;2024-08-16;17:30;34,8
D24091020;2560186.58;1204471.69;2024-08-16;17:00;35,3
D24091020;2560186.58;1204471.69;2024-08-16;16:30;32
D24091020;2560186.58;1204471.69;2024-08-16;16:00;34,4
D24091020;2560186.58;1204471.69;2024-08-16;15:30;37,1
D24091020;2560186.58;1204471.69;2024-08-16;15:00;35,8
D24091020;2560186.58;1204471.69;2024-08-16;14:30;34,6
D24091020;2560186.58;1204471.69;2024-08-16;14:00;35,5
D24091020;2560186.58;1204471.69;2024-08-16;13:30;34,7
D24091020;2560186.58;1204471.69;2024-08-16;13:00;34,3
D24091020;2560186.58;1204471.69;2024-08-16;12:30;32,3
D24091020;2560186.58;1204471.69;2024-08-16;12:00;31,1
D24091020;2560186.58;1204471.69;2024-08-16;11:30;30,6
D24091020;2560186.58;1204471.69;2024-08-16;11:00;29,7
D24091020;2560186.58;1204471.69;2024-08-16;10:30;33,2
D24091020;2560186.58;1204471.69;2024-08-16;10:00;30,1
D24091020;2560186.58;1204471.69;2024-08-16;09:30;31,3
D24091020;2560186.58;1204471.69;2024-08-16;09:00;32,4
D24091020;2560186.58;1204471.69;2024-08-16;08:30;31,2
D24091020;2560186.58;1204471.69;2024-08-16;08:00;29,2
D24091020;2560186.58;1204471.69;2024-08-16;07:30;26,2
D24091020;2560186.58;1204471.69;2024-08-16;07:00;21,6
D24091020;2560186.58;1204471.69;2024-08-16;06:30;20,3
D24091020;2560186.58;1204471.69;2024-08-16;06:00;20,3
D24091020;2560186.58;1204471.69;2024-08-16;05:30;20,1
D24091020;2560186.58;1204471.69;2024-08-16;05:00;20,4
D24091020;2560186.58;1204471.69;2024-08-16;04:30;20,6
D24091020;2560186.58;1204471.69;2024-08-16;04:00;22,3
D24091020;2560186.58;1204471.69;2024-08-16;03:30;22,6
D24091020;2560186.58;1204471.69;2024-08-16;03:00;23,5
D24091020;2560186.58;1204471.69;2024-08-16;02:30;23,4
D24091020;2560186.58;1204471.69;2024-08-16;02:00;24,1
D24091020;2560186.58;1204471.69;2024-08-16;01:30;24,1
D24091020;2560186.58;1204471.69;2024-08-16;01:00;24,3
D24091020;2560186.58;1204471.69;2024-08-16;00:30;24,4
D24091020;2560186.58;1204471.69;2024-08-16;00:00;24,3
D24091020;2560186.58;1204471.69;2024-08-15;23:30;24,2
D24091020;2560186.58;1204471.69;2024-08-15;23:00;24,2
D24091020;2560186.58;1204471.69;2024-08-15;22:30;24,4
D24091020;2560186.58;1204471.69;2024-08-15;22:00;24,9
D24091020;2560186.58;1204471.69;2024-08-15;21:30;25,6
D24091020;2560186.58;1204471.69;2024-08-15;21:00;26,2
D24091020;2560186.58;1204471.69;2024-08-15;20:30;26,2
D24091020;2560186.58;1204471.69;2024-08-15;20:00;27
D24091020;2560186.58;1204471.69;2024-08-15;19:30;27,7
D24091020;2560186.58;1204471.69;2024-08-15;19:00;28,2
D24091020;2560186.58;1204471.69;2024-08-15;18:30;29,5
D24091020;2560186.58;1204471.69;2024-08-15;18:00;31
D24091020;2560186.58;1204471.69;2024-08-15;17:30;33,3
D24091020;2560186.58;1204471.69;2024-08-15;17:00;36,6
D24091020;2560186.58;1204471.69;2024-08-15;16:30;36
D24091020;2560186.58;1204471.69;2024-08-15;16:00;35,3
D24091020;2560186.58;1204471.69;2024-08-15;15:30;36,1
D24091020;2560186.58;1204471.69;2024-08-15;15:00;34,5
D24091020;2560186.58;1204471.69;2024-08-15;14:30;34
D24091020;2560186.58;1204471.69;2024-08-15;14:00;33
D24091020;2560186.58;1204471.69;2024-08-15;13:30;30,8
D24091020;2560186.58;1204471.69;2024-08-15;13:00;29,8
D24091020;2560186.58;1204471.69;2024-08-15;12:30;28,3
D24091020;2560186.58;1204471.69;2024-08-15;12:00;29
D24091020;2560186.58;1204471.69;2024-08-15;11:30;29,3
D24091020;2560186.58;1204471.69;2024-08-15;11:00;29,3
D24091020;2560186.58;1204471.69;2024-08-15;10:30;28,7
D24091020;2560186.58;1204471.69;2024-08-15;10:00;28,5
D24091020;2560186.58;1204471.69;2024-08-15;09:30;28,6
D24091020;2560186.58;1204471.69;2024-08-15;09:00;28,1
D24091020;2560186.58;1204471.69;2024-08-15;08:30;29,3
D24091020;2560186.58;1204471.69;2024-08-15;08:00;25,4
D24091020;2560186.58;1204471.69;2024-08-15;07:30;24,7
D24091020;2560186.58;1204471.69;2024-08-15;07:00;19,6
D24091020;2560186.58;1204471.69;2024-08-15;06:30;17,6
D24091020;2560186.58;1204471.69;2024-08-15;06:00;17,5
D24091020;2560186.58;1204471.69;2024-08-15;05:30;17,7
D24091020;2560186.58;1204471.69;2024-08-15;05:00;17,8
D24091020;2560186.58;1204471.69;2024-08-15;04:30;17,9
D24091020;2560186.58;1204471.69;2024-08-15;04:00;18,1
D24091020;2560186.58;1204471.69;2024-08-15;03:30;18,4
D24091020;2560186.58;1204471.69;2024-08-15;03:00;18,6
D24091020;2560186.58;1204471.69;2024-08-15;02:30;18,6
D24091020;2560186.58;1204471.69;2024-08-15;02:00;18,7
D24091020;2560186.58;1204471.69;2024-08-15;01:30;19
D24091020;2560186.58;1204471.69;2024-08-15;01:00;19,5
D24091020;2560186.58;1204471.69;2024-08-15;00:30;19,8
D24091020;2560186.58;1204471.69;2024-08-15;00:00;19,9
D24091020;2560186.58;1204471.69;2024-08-14;23:30;20,3
D24091020;2560186.58;1204471.69;2024-08-14;23:00;20,2
D24091020;2560186.58;1204471.69;2024-08-14;22:30;20,4
D24091020;2560186.58;1204471.69;2024-08-14;22:00;21,2
D24091020;2560186.58;1204471.69;2024-08-14;21:30;21
D24091020;2560186.58;1204471.69;2024-08-14;21:00;21,5
D24091020;2560186.58;1204471.69;2024-08-14;20:30;21,9
D24091020;2560186.58;1204471.69;2024-08-14;20:00;22
D24091020;2560186.58;1204471.69;2024-08-14;19:30;23,4
D24091020;2560186.58;1204471.69;2024-08-14;19:00;25,1
D24091020;2560186.58;1204471.69;2024-08-14;18:30;23,8
D24091020;2560186.58;1204471.69;2024-08-14;18:00;21,5
D24091020;2560186.58;1204471.69;2024-08-14;17:30;22,3
D24091020;2560186.58;1204471.69;2024-08-14;17:00;27,4
D24091020;2560186.58;1204471.69;2024-08-14;16:30;29,4
D24091020;2560186.58;1204471.69;2024-08-14;16:00;34,4
D24091020;2560186.58;1204471.69;2024-08-14;15:30;33,2
D24091020;2560186.58;1204471.69;2024-08-14;15:00;32,3
D24091020;2560186.58;1204471.69;2024-08-14;14:30;30,8
D24091020;2560186.58;1204471.69;2024-08-14;14:00;31
D24091020;2560186.58;1204471.69;2024-08-14;13:30;29,4
D24091020;2560186.58;1204471.69;2024-08-14;13:00;31,2
D24091020;2560186.58;1204471.69;2024-08-14;12:30;28,2
D24091020;2560186.58;1204471.69;2024-08-14;12:00;26,1
D24091020;2560186.58;1204471.69;2024-08-14;11:30;26,6
D24091020;2560186.58;1204471.69;2024-08-14;11:00;25,6
D24091020;2560186.58;1204471.69;2024-08-14;10:30;24,9
D24091020;2560186.58;1204471.69;2024-08-14;10:00;28
D24091020;2560186.58;1204471.69;2024-08-14;09:30;27,7
D24091020;2560186.58;1204471.69;2024-08-14;09:00;29,8
D24091020;2560186.58;1204471.69;2024-08-14;08:30;23,8
D24091020;2560186.58;1204471.69;2024-08-14;08:00;21,5
D24091020;2560186.58;1204471.69;2024-08-14;07:30;19,7
D24091020;2560186.58;1204471.69;2024-08-14;07:00;18,9
D24091020;2560186.58;1204471.69;2024-08-14;06:30;18,4
D24091020;2560186.58;1204471.69;2024-08-14;06:00;18,5
D24091020;2560186.58;1204471.69;2024-08-14;05:30;18,3
D24091020;2560186.58;1204471.69;2024-08-14;05:00;18,5
D24091020;2560186.58;1204471.69;2024-08-14;04:30;18,7
D24091020;2560186.58;1204471.69;2024-08-14;04:00;19,5
D24091020;2560186.58;1204471.69;2024-08-14;03:30;19,8
D24091020;2560186.58;1204471.69;2024-08-14;03:00;20
D24091020;2560186.58;1204471.69;2024-08-14;02:30;19,3
D24091020;2560186.58;1204471.69;2024-08-14;02:00;19,9
D24091020;2560186.58;1204471.69;2024-08-14;01:30;20,8
D24091020;2560186.58;1204471.69;2024-08-14;01:00;19,6
D24091020;2560186.58;1204471.69;2024-08-14;00:30;19,3
D24091020;2560186.58;1204471.69;2024-08-14;00:00;20
D24091020;2560186.58;1204471.69;2024-08-13;23:30;20,9
D24091020;2560186.58;1204471.69;2024-08-13;23:00;20,5
D24091020;2560186.58;1204471.69;2024-08-13;22:30;23,5
D24091020;2560186.58;1204471.69;2024-08-13;22:00;26,9
D24091020;2560186.58;1204471.69;2024-08-13;21:30;26,3
D24091020;2560186.58;1204471.69;2024-08-13;21:00;26,7
D24091020;2560186.58;1204471.69;2024-08-13;20:30;26,8
D24091020;2560186.58;1204471.69;2024-08-13;20:00;27,9
D24091020;2560186.58;1204471.69;2024-08-13;19:30;29,2
D24091020;2560186.58;1204471.69;2024-08-13;19:00;32,1
D24091020;2560186.58;1204471.69;2024-08-13;18:30;34,6
D24091020;2560186.58;1204471.69;2024-08-13;18:00;36,2
D24091020;2560186.58;1204471.69;2024-08-13;17:30;35,5
D24091020;2560186.58;1204471.69;2024-08-13;17:00;38,1
D24091020;2560186.58;1204471.69;2024-08-13;16:30;37,7
D24091020;2560186.58;1204471.69;2024-08-13;16:00;38
D24091020;2560186.58;1204471.69;2024-08-13;15:30;37,9
D24091020;2560186.58;1204471.69;2024-08-13;15:00;36,4
D24091020;2560186.58;1204471.69;2024-08-13;14:30;35,7
D24091020;2560186.58;1204471.69;2024-08-13;14:00;33,5
D24091020;2560186.58;1204471.69;2024-08-13;13:30;32,2
D24091020;2560186.58;1204471.69;2024-08-13;13:00;30,7
D24091020;2560186.58;1204471.69;2024-08-13;12:30;29,7
D24091020;2560186.58;1204471.69;2024-08-13;12:00;30,3
D24091020;2560186.58;1204471.69;2024-08-13;11:30;30,3
D24091020;2560186.58;1204471.69;2024-08-13;11:00;29,6
D24091020;2560186.58;1204471.69;2024-08-13;10:30;28,7
D24091020;2560186.58;1204471.69;2024-08-13;10:00;28,6
D24091020;2560186.58;1204471.69;2024-08-13;09:30;28,9
D24091020;2560186.58;1204471.69;2024-08-13;09:00;29,4
D24091020;2560186.58;1204471.69;2024-08-13;08:30;31,3
D24091020;2560186.58;1204471.69;2024-08-13;08:00;28,8
D24091020;2560186.58;1204471.69;2024-08-13;07:30;25,8
D24091020;2560186.58;1204471.69;2024-08-13;07:00;19,9
D24091020;2560186.58;1204471.69;2024-08-13;06:30;18,5
D24091020;2560186.58;1204471.69;2024-08-13;06:00;18,3
D24091020;2560186.58;1204471.69;2024-08-13;05:30;18,7
D24091020;2560186.58;1204471.69;2024-08-13;05:00;18,6
D24091020;2560186.58;1204471.69;2024-08-13;04:30;19,1
D24091020;2560186.58;1204471.69;2024-08-13;04:00;19,7
D24091020;2560186.58;1204471.69;2024-08-13;03:30;19,6
D24091020;2560186.58;1204471.69;2024-08-13;03:00;20,2
D24091020;2560186.58;1204471.69;2024-08-13;02:30;20,3
D24091020;2560186.58;1204471.69;2024-08-13;02:00;20,4
D24091020;2560186.58;1204471.69;2024-08-13;01:30;20,7
D24091020;2560186.58;1204471.69;2024-08-13;01:00;21,1
D24091020;2560186.58;1204471.69;2024-08-13;00:30;21,6
D24091020;2560186.58;1204471.69;2024-08-13;00:00;22,6
D24091020;2560186.58;1204471.69;2024-08-12;23:30;23,4
D24091020;2560186.58;1204471.69;2024-08-12;23:00;24,5
D24091020;2560186.58;1204471.69;2024-08-12;22:30;24,8
D24091020;2560186.58;1204471.69;2024-08-12;22:00;26,1
D24091020;2560186.58;1204471.69;2024-08-12;21:30;26,1
D24091020;2560186.58;1204471.69;2024-08-12;21:00;26,1
D24091020;2560186.58;1204471.69;2024-08-12;20:30;27,8
D24091020;2560186.58;1204471.69;2024-08-12;20:00;29
D24091020;2560186.58;1204471.69;2024-08-12;19:30;30,2
D24091020;2560186.58;1204471.69;2024-08-12;19:00;31,7
D24091020;2560186.58;1204471.69;2024-08-12;18:30;32,3
D24091020;2560186.58;1204471.69;2024-08-12;18:00;34
D24091020;2560186.58;1204471.69;2024-08-12;17:30;35,6
D24091020;2560186.58;1204471.69;2024-08-12;17:00;37,1
D24091020;2560186.58;1204471.69;2024-08-12;16:30;39,2
D24091020;2560186.58;1204471.69;2024-08-12;16:00;39,6
D24091020;2560186.58;1204471.69;2024-08-12;15:30;38,9
D24091020;2560186.58;1204471.69;2024-08-12;15:00;37,3
D24091020;2560186.58;1204471.69;2024-08-12;14:30;36,7
D24091020;2560186.58;1204471.69;2024-08-12;14:00;35,5
D24091020;2560186.58;1204471.69;2024-08-12;13:30;33,2
D24091020;2560186.58;1204471.69;2024-08-12;13:00;33,1
D24091020;2560186.58;1204471.69;2024-08-12;12:30;32,9
D24091020;2560186.58;1204471.69;2024-08-12;12:00;31,4
D24091020;2560186.58;1204471.69;2024-08-12;11:30;31,1
D24091020;2560186.58;1204471.69;2024-08-12;11:00;30,9
D24091020;2560186.58;1204471.69;2024-08-12;10:30;31
D24091020;2560186.58;1204471.69;2024-08-12;10:00;30,7
D24091020;2560186.58;1204471.69;2024-08-12;09:30;31,4
D24091020;2560186.58;1204471.69;2024-08-12;09:00;30,9
D24091020;2560186.58;1204471.69;2024-08-12;08:30;24,7
D24091020;2560186.58;1204471.69;2024-08-12;08:00;24,6
D24091020;2560186.58;1204471.69;2024-08-12;07:30;24,7
D24091020;2560186.58;1204471.69;2024-08-12;07:00;21,9
D24091020;2560186.58;1204471.69;2024-08-12;06:30;21
D24091020;2560186.58;1204471.69;2024-08-12;06:00;21,1
D24091020;2560186.58;1204471.69;2024-08-12;05:30;21,6
D24091020;2560186.58;1204471.69;2024-08-12;05:00;21,9
D24091020;2560186.58;1204471.69;2024-08-12;04:30;21,9
D24091020;2560186.58;1204471.69;2024-08-12;04:00;21,9
D24091020;2560186.58;1204471.69;2024-08-12;03:30;22
D24091020;2560186.58;1204471.69;2024-08-12;03:00;22
D24091020;2560186.58;1204471.69;2024-08-12;02:30;22,1
D24091020;2560186.58;1204471.69;2024-08-12;02:00;22,5
D24091020;2560186.58;1204471.69;2024-08-12;01:30;23
D24091020;2560186.58;1204471.69;2024-08-12;01:00;23,2
D24091020;2560186.58;1204471.69;2024-08-12;00:30;24,8
D24091020;2560186.58;1204471.69;2024-08-12;00:00;25,8
D24091020;2560186.58;1204471.69;2024-08-11;23:30;26,4
D24091020;2560186.58;1204471.69;2024-08-11;23:00;26,2
D24091020;2560186.58;1204471.69;2024-08-11;22:30;26,9
D24091020;2560186.58;1204471.69;2024-08-11;22:00;27,1
D24091020;2560186.58;1204471.69;2024-08-11;21:30;27,8
D24091020;2560186.58;1204471.69;2024-08-11;21:00;28,9
D24091020;2560186.58;1204471.69;2024-08-11;20:30;29,6
D24091020;2560186.58;1204471.69;2024-08-11;20:00;30,4
D24091020;2560186.58;1204471.69;2024-08-11;19:30;31,8
D24091020;2560186.58;1204471.69;2024-08-11;19:00;34,2
D24091020;2560186.58;1204471.69;2024-08-11;18:30;36,6
D24091020;2560186.58;1204471.69;2024-08-11;18:00;38,2
D24091020;2560186.58;1204471.69;2024-08-11;17:30;39,4
D24091020;2560186.58;1204471.69;2024-08-11;17:00;39,2
D24091020;2560186.58;1204471.69;2024-08-11;16:30;39,5
D24091020;2560186.58;1204471.69;2024-08-11;16:00;40,1
D24091020;2560186.58;1204471.69;2024-08-11;15:30;39,4
D24091020;2560186.58;1204471.69;2024-08-11;15:00;37,7
D24091020;2560186.58;1204471.69;2024-08-11;14:30;37,2
D24091020;2560186.58;1204471.69;2024-08-11;14:00;35,5
D24091020;2560186.58;1204471.69;2024-08-11;13:30;33,9
D24091020;2560186.58;1204471.69;2024-08-11;13:00;32,6
D24091020;2560186.58;1204471.69;2024-08-11;12:30;31,8
D24091020;2560186.58;1204471.69;2024-08-11;12:00;31,7
D24091020;2560186.58;1204471.69;2024-08-11;11:30;31,9
D24091020;2560186.58;1204471.69;2024-08-11;11:00;31,1
D24091020;2560186.58;1204471.69;2024-08-11;10:30;30,6
D24091020;2560186.58;1204471.69;2024-08-11;10:00;31,1
D24091020;2560186.58;1204471.69;2024-08-11;09:30;30,4
D24091020;2560186.58;1204471.69;2024-08-11;09:00;31
D24091020;2560186.58;1204471.69;2024-08-11;08:30;31,2
D24091020;2560186.58;1204471.69;2024-08-11;08:00;28,4
D24091020;2560186.58;1204471.69;2024-08-11;07:30;24,9
D24091020;2560186.58;1204471.69;2024-08-11;07:00;19,3
D24091020;2560186.58;1204471.69;2024-08-11;06:30;18,9
D24091020;2560186.58;1204471.69;2024-08-11;06:00;19
D24091020;2560186.58;1204471.69;2024-08-11;05:30;19,4
D24091020;2560186.58;1204471.69;2024-08-11;05:00;19,9
D24091020;2560186.58;1204471.69;2024-08-11;04:30;19,8
D24091020;2560186.58;1204471.69;2024-08-11;04:00;20,1
D24091020;2560186.58;1204471.69;2024-08-11;03:30;20,5
D24091020;2560186.58;1204471.69;2024-08-11;03:00;20,6
D24091020;2560186.58;1204471.69;2024-08-11;02:30;20,9
D24091020;2560186.58;1204471.69;2024-08-11;02:00;21,2
D24091020;2560186.58;1204471.69;2024-08-11;01:30;21,5
D24091020;2560186.58;1204471.69;2024-08-11;01:00;21,7
D24091020;2560186.58;1204471.69;2024-08-11;00:30;22,1
D24091020;2560186.58;1204471.69;2024-08-11;00:00;22,4
D24091020;2560186.58;1204471.69;2024-08-10;23:30;22,9
D24091020;2560186.58;1204471.69;2024-08-10;23:00;23,8
D24091020;2560186.58;1204471.69;2024-08-10;22:30;24,6
D24091020;2560186.58;1204471.69;2024-08-10;22:00;25,2
D24091020;2560186.58;1204471.69;2024-08-10;21:30;26,1
D24091020;2560186.58;1204471.69;2024-08-10;21:00;26,8
D24091020;2560186.58;1204471.69;2024-08-10;20:30;27,6
D24091020;2560186.58;1204471.69;2024-08-10;20:00;29
D24091020;2560186.58;1204471.69;2024-08-10;19:30;30,3
D24091020;2560186.58;1204471.69;2024-08-10;19:00;33,1
D24091020;2560186.58;1204471.69;2024-08-10;18:30;34,6
D24091020;2560186.58;1204471.69;2024-08-10;18:00;37,4
D24091020;2560186.58;1204471.69;2024-08-10;17:30;37,6
D24091020;2560186.58;1204471.69;2024-08-10;17:00;37,7
D24091020;2560186.58;1204471.69;2024-08-10;16:30;37,6
D24091020;2560186.58;1204471.69;2024-08-10;16:00;38,5
D24091020;2560186.58;1204471.69;2024-08-10;15:30;38,8
D24091020;2560186.58;1204471.69;2024-08-10;15:00;36,3
D24091020;2560186.58;1204471.69;2024-08-10;14:30;35,6
D24091020;2560186.58;1204471.69;2024-08-10;14:00;34,3
D24091020;2560186.58;1204471.69;2024-08-10;13:30;32,3
D24091020;2560186.58;1204471.69;2024-08-10;13:00;32,1
D24091020;2560186.58;1204471.69;2024-08-10;12:30;31,6
D24091020;2560186.58;1204471.69;2024-08-10;12:00;31,1
D24091020;2560186.58;1204471.69;2024-08-10;11:30;30,8
D24091020;2560186.58;1204471.69;2024-08-10;11:00;30,3
D24091020;2560186.58;1204471.69;2024-08-10;10:30;29,7
D24091020;2560186.58;1204471.69;2024-08-10;10:00;29,3
D24091020;2560186.58;1204471.69;2024-08-10;09:30;29,7
D24091020;2560186.58;1204471.69;2024-08-10;09:00;31,2
D24091020;2560186.58;1204471.69;2024-08-10;08:30;30,9
D24091020;2560186.58;1204471.69;2024-08-10;08:00;29,4
D24091020;2560186.58;1204471.69;2024-08-10;07:30;25,1
D24091020;2560186.58;1204471.69;2024-08-10;07:00;18,4
D24091020;2560186.58;1204471.69;2024-08-10;06:30;18,1
D24091020;2560186.58;1204471.69;2024-08-10;06:00;18
D24091020;2560186.58;1204471.69;2024-08-10;05:30;18,3
D24091020;2560186.58;1204471.69;2024-08-10;05:00;18,6
D24091020;2560186.58;1204471.69;2024-08-10;04:30;18,8
D24091020;2560186.58;1204471.69;2024-08-10;04:00;19,1
D24091020;2560186.58;1204471.69;2024-08-10;03:30;19,5
D24091020;2560186.58;1204471.69;2024-08-10;03:00;19,9
D24091020;2560186.58;1204471.69;2024-08-10;02:30;20,3
D24091020;2560186.58;1204471.69;2024-08-10;02:00;20,6
D24091020;2560186.58;1204471.69;2024-08-10;01:30;20,9
D24091020;2560186.58;1204471.69;2024-08-10;01:00;21,3
D24091020;2560186.58;1204471.69;2024-08-10;00:30;21,9
D24091020;2560186.58;1204471.69;2024-08-10;00:00;22,9
D24091020;2560186.58;1204471.69;2024-08-09;23:30;23,7
D24091020;2560186.58;1204471.69;2024-08-09;23:00;23,9
D24091020;2560186.58;1204471.69;2024-08-09;22:30;24,3
D24091020;2560186.58;1204471.69;2024-08-09;22:00;24,5
D24091020;2560186.58;1204471.69;2024-08-09;21:30;24,7
D24091020;2560186.58;1204471.69;2024-08-09;21:00;25,2
D24091020;2560186.58;1204471.69;2024-08-09;20:30;25,8
D24091020;2560186.58;1204471.69;2024-08-09;20:00;27
D24091020;2560186.58;1204471.69;2024-08-09;19:30;28,5
D24091020;2560186.58;1204471.69;2024-08-09;19:00;32,4
D24091020;2560186.58;1204471.69;2024-08-09;18:30;34,4
D24091020;2560186.58;1204471.69;2024-08-09;18:00;34
D24091020;2560186.58;1204471.69;2024-08-09;17:30;34,9
D24091020;2560186.58;1204471.69;2024-08-09;17:00;35,2
D24091020;2560186.58;1204471.69;2024-08-09;16:30;34,7
D24091020;2560186.58;1204471.69;2024-08-09;16:00;32,2
D24091020;2560186.58;1204471.69;2024-08-09;15:30;35,2
D24091020;2560186.58;1204471.69;2024-08-09;15:00;35
D24091020;2560186.58;1204471.69;2024-08-09;14:30;34,6
D24091020;2560186.58;1204471.69;2024-08-09;14:00;33
D24091020;2560186.58;1204471.69;2024-08-09;13:30;31
D24091020;2560186.58;1204471.69;2024-08-09;13:00;29,4
D24091020;2560186.58;1204471.69;2024-08-09;12:30;28,3
D24091020;2560186.58;1204471.69;2024-08-09;12:00;28,2
D24091020;2560186.58;1204471.69;2024-08-09;11:30;28,1
D24091020;2560186.58;1204471.69;2024-08-09;11:00;28
D24091020;2560186.58;1204471.69;2024-08-09;10:30;27,5
D24091020;2560186.58;1204471.69;2024-08-09;10:00;29
D24091020;2560186.58;1204471.69;2024-08-09;09:30;28,6
D24091020;2560186.58;1204471.69;2024-08-09;09:00;32
D24091020;2560186.58;1204471.69;2024-08-09;08:30;31
D24091020;2560186.58;1204471.69;2024-08-09;08:00;28
D24091020;2560186.58;1204471.69;2024-08-09;07:30;24,4
D24091020;2560186.58;1204471.69;2024-08-09;07:00;21
D24091020;2560186.58;1204471.69;2024-08-09;06:30;16,3
D24091020;2560186.58;1204471.69;2024-08-09;06:00;16,4
D24091020;2560186.58;1204471.69;2024-08-09;05:30;16,4
D24091020;2560186.58;1204471.69;2024-08-09;05:00;16,7
D24091020;2560186.58;1204471.69;2024-08-09;04:30;16,9
D24091020;2560186.58;1204471.69;2024-08-09;04:00;17,1
D24091020;2560186.58;1204471.69;2024-08-09;03:30;17,3
D24091020;2560186.58;1204471.69;2024-08-09;03:00;17,4
D24091020;2560186.58;1204471.69;2024-08-09;02:30;17,9
D24091020;2560186.58;1204471.69;2024-08-09;02:00;18,1
D24091020;2560186.58;1204471.69;2024-08-09;01:30;18,5
D24091020;2560186.58;1204471.69;2024-08-09;01:00;19
D24091020;2560186.58;1204471.69;2024-08-09;00:30;19,6
D24091020;2560186.58;1204471.69;2024-08-09;00:00;20,1
D24091020;2560186.58;1204471.69;2024-08-08;23:30;20,5
D24091020;2560186.58;1204471.69;2024-08-08;23:00;20,8
D24091020;2560186.58;1204471.69;2024-08-08;22:30;21,5
D24091020;2560186.58;1204471.69;2024-08-08;22:00;22,4
D24091020;2560186.58;1204471.69;2024-08-08;21:30;22,8
D24091020;2560186.58;1204471.69;2024-08-08;21:00;23,3
D24091020;2560186.58;1204471.69;2024-08-08;20:30;24,2
D24091020;2560186.58;1204471.69;2024-08-08;20:00;25
D24091020;2560186.58;1204471.69;2024-08-08;19:30;26,4
D24091020;2560186.58;1204471.69;2024-08-08;19:00;29,2
D24091020;2560186.58;1204471.69;2024-08-08;18:30;29,5
D24091020;2560186.58;1204471.69;2024-08-08;18:00;31,4
D24091020;2560186.58;1204471.69;2024-08-08;17:30;33,7
D24091020;2560186.58;1204471.69;2024-08-08;17:00;33,4
D24091020;2560186.58;1204471.69;2024-08-08;16:30;33,2
D24091020;2560186.58;1204471.69;2024-08-08;16:00;33
D24091020;2560186.58;1204471.69;2024-08-08;15:30;34,2
D24091020;2560186.58;1204471.69;2024-08-08;15:00;34
D24091020;2560186.58;1204471.69;2024-08-08;14:30;32,6
D24091020;2560186.58;1204471.69;2024-08-08;14:00;32,2
D24091020;2560186.58;1204471.69;2024-08-08;13:30;30
D24091020;2560186.58;1204471.69;2024-08-08;13:00;30,9
D24091020;2560186.58;1204471.69;2024-08-08;12:30;30,3
D24091020;2560186.58;1204471.69;2024-08-08;12:00;30,2
D24091020;2560186.58;1204471.69;2024-08-08;11:30;32
D24091020;2560186.58;1204471.69;2024-08-08;11:00;29,8
D24091020;2560186.58;1204471.69;2024-08-08;10:30;29,2
D24091020;2560186.58;1204471.69;2024-08-08;10:00;32,8
D24091020;2560186.58;1204471.69;2024-08-08;09:30;31,5
D24091020;2560186.58;1204471.69;2024-08-08;09:00;30,2
D24091020;2560186.58;1204471.69;2024-08-08;08:30;22,8
D24091020;2560186.58;1204471.69;2024-08-08;08:00;21,8
D24091020;2560186.58;1204471.69;2024-08-08;07:30;21,4
D24091020;2560186.58;1204471.69;2024-08-08;07:00;20,8
D24091020;2560186.58;1204471.69;2024-08-08;06:30;20,1
D24091020;2560186.58;1204471.69;2024-08-08;06:00;20,2
D24091020;2560186.58;1204471.69;2024-08-08;05:30;19,2
D24091020;2560186.58;1204471.69;2024-08-08;05:00;19,1
D24091020;2560186.58;1204471.69;2024-08-08;04:30;19,4
D24091020;2560186.58;1204471.69;2024-08-08;04:00;19,4
D24091020;2560186.58;1204471.69;2024-08-08;03:30;18,9
D24091020;2560186.58;1204471.69;2024-08-08;03:00;19,1
D24091020;2560186.58;1204471.69;2024-08-08;02:30;19,1
D24091020;2560186.58;1204471.69;2024-08-08;02:00;19,4
D24091020;2560186.58;1204471.69;2024-08-08;01:30;19,2
D24091020;2560186.58;1204471.69;2024-08-08;01:00;20,1
D24091020;2560186.58;1204471.69;2024-08-08;00:30;19,8
D24091020;2560186.58;1204471.69;2024-08-08;00:00;19,9
D24091020;2560186.58;1204471.69;2024-08-07;23:30;20,4
D24091020;2560186.58;1204471.69;2024-08-07;23:00;20,7
D24091020;2560186.58;1204471.69;2024-08-07;22:30;20,7
D24091020;2560186.58;1204471.69;2024-08-07;22:00;21
D24091020;2560186.58;1204471.69;2024-08-07;21:30;21,3
D24091020;2560186.58;1204471.69;2024-08-07;21:00;22,2
D24091020;2560186.58;1204471.69;2024-08-07;20:30;23,4
D24091020;2560186.58;1204471.69;2024-08-07;20:00;23,8
D24091020;2560186.58;1204471.69;2024-08-07;19:30;25,6
D24091020;2560186.58;1204471.69;2024-08-07;19:00;26,7
D24091020;2560186.58;1204471.69;2024-08-07;18:30;27,1
D24091020;2560186.58;1204471.69;2024-08-07;18:00;30,5
D24091020;2560186.58;1204471.69;2024-08-07;17:30;26,8
D24091020;2560186.58;1204471.69;2024-08-07;17:00;30,1
D24091020;2560186.58;1204471.69;2024-08-07;16:30;28,4
D24091020;2560186.58;1204471.69;2024-08-07;16:00;32,7
D24091020;2560186.58;1204471.69;2024-08-07;15:30;29,9
D24091020;2560186.58;1204471.69;2024-08-07;15:00;28,9
D24091020;2560186.58;1204471.69;2024-08-07;14:30;28,3
D24091020;2560186.58;1204471.69;2024-08-07;14:00;28,5
D24091020;2560186.58;1204471.69;2024-08-07;13:30;29,6
D24091020;2560186.58;1204471.69;2024-08-07;13:00;29,2
D24091020;2560186.58;1204471.69;2024-08-07;12:30;27,6
D24091020;2560186.58;1204471.69;2024-08-07;12:00;26,8
D24091020;2560186.58;1204471.69;2024-08-07;11:30;23,7
D24091020;2560186.58;1204471.69;2024-08-07;11:00;23,4
D24091020;2560186.58;1204471.69;2024-08-07;10:30;19,4
D24091020;2560186.58;1204471.69;2024-08-07;10:00;17,9
D24091020;2560186.58;1204471.69;2024-08-07;09:30;17,8
D24091020;2560186.58;1204471.69;2024-08-07;09:00;18,2
D24091020;2560186.58;1204471.69;2024-08-07;08:30;18,5
D24091020;2560186.58;1204471.69;2024-08-07;08:00;19,2
D24091020;2560186.58;1204471.69;2024-08-07;07:30;18,6
D24091020;2560186.58;1204471.69;2024-08-07;07:00;18,1
D24091020;2560186.58;1204471.69;2024-08-07;06:30;21,1
D24091020;2560186.58;1204471.69;2024-08-07;06:00;20,3
D24091020;2560186.58;1204471.69;2024-08-07;05:30;20,1
D24091020;2560186.58;1204471.69;2024-08-07;05:00;19,7
D24091020;2560186.58;1204471.69;2024-08-07;04:30;20,2
D24091020;2560186.58;1204471.69;2024-08-07;04:00;20,2
D24091020;2560186.58;1204471.69;2024-08-07;03:30;19,9
D24091020;2560186.58;1204471.69;2024-08-07;03:00;20,3
D24091020;2560186.58;1204471.69;2024-08-07;02:30;20,6
D24091020;2560186.58;1204471.69;2024-08-07;02:00;20,9
D24091020;2560186.58;1204471.69;2024-08-07;01:30;21,4
D24091020;2560186.58;1204471.69;2024-08-07;01:00;21,8
D24091020;2560186.58;1204471.69;2024-08-07;00:30;22,3
D24091020;2560186.58;1204471.69;2024-08-07;00:00;22,8
D24091020;2560186.58;1204471.69;2024-08-06;23:30;23,4
D24091020;2560186.58;1204471.69;2024-08-06;23:00;24
D24091020;2560186.58;1204471.69;2024-08-06;22:30;24,6
D24091020;2560186.58;1204471.69;2024-08-06;22:00;25,1
D24091020;2560186.58;1204471.69;2024-08-06;21:30;25,8
D24091020;2560186.58;1204471.69;2024-08-06;21:00;26,6
D24091020;2560186.58;1204471.69;2024-08-06;20:30;27,7
D24091020;2560186.58;1204471.69;2024-08-06;20:00;28,4
D24091020;2560186.58;1204471.69;2024-08-06;19:30;29,9
D24091020;2560186.58;1204471.69;2024-08-06;19:00;32,6
D24091020;2560186.58;1204471.69;2024-08-06;18:30;33,3
D24091020;2560186.58;1204471.69;2024-08-06;18:00;36,6
D24091020;2560186.58;1204471.69;2024-08-06;17:30;36,1
D24091020;2560186.58;1204471.69;2024-08-06;17:00;37
D24091020;2560186.58;1204471.69;2024-08-06;16:30;37,7
D24091020;2560186.58;1204471.69;2024-08-06;16:00;36,6
D24091020;2560186.58;1204471.69;2024-08-06;15:30;36,8
D24091020;2560186.58;1204471.69;2024-08-06;15:00;37,4
D24091020;2560186.58;1204471.69;2024-08-06;14:30;35,7
D24091020;2560186.58;1204471.69;2024-08-06;14:00;34,8
D24091020;2560186.58;1204471.69;2024-08-06;13:30;32,2
D24091020;2560186.58;1204471.69;2024-08-06;13:00;30,8
D24091020;2560186.58;1204471.69;2024-08-06;12:30;31,7
D24091020;2560186.58;1204471.69;2024-08-06;12:00;30,7
D24091020;2560186.58;1204471.69;2024-08-06;11:30;30,2
D24091020;2560186.58;1204471.69;2024-08-06;11:00;29,6
D24091020;2560186.58;1204471.69;2024-08-06;10:30;28,8
D24091020;2560186.58;1204471.69;2024-08-06;10:00;28,3
D24091020;2560186.58;1204471.69;2024-08-06;09:30;28,9
D24091020;2560186.58;1204471.69;2024-08-06;09:00;31,5
D24091020;2560186.58;1204471.69;2024-08-06;08:30;31,5
D24091020;2560186.58;1204471.69;2024-08-06;08:00;28,8
D24091020;2560186.58;1204471.69;2024-08-06;07:30;26,7
D24091020;2560186.58;1204471.69;2024-08-06;07:00;21,8
D24091020;2560186.58;1204471.69;2024-08-06;06:30;17,1
D24091020;2560186.58;1204471.69;2024-08-06;06:00;17,1
D24091020;2560186.58;1204471.69;2024-08-06;05:30;17,3
D24091020;2560186.58;1204471.69;2024-08-06;05:00;17,5
D24091020;2560186.58;1204471.69;2024-08-06;04:30;17,6
D24091020;2560186.58;1204471.69;2024-08-06;04:00;17,9
D24091020;2560186.58;1204471.69;2024-08-06;03:30;18,3
D24091020;2560186.58;1204471.69;2024-08-06;03:00;18,6
D24091020;2560186.58;1204471.69;2024-08-06;02:30;19,1
D24091020;2560186.58;1204471.69;2024-08-06;02:00;19,2
D24091020;2560186.58;1204471.69;2024-08-06;01:30;19,6
D24091020;2560186.58;1204471.69;2024-08-06;01:00;19,7
D24091020;2560186.58;1204471.69;2024-08-06;00:30;20,2
D24091020;2560186.58;1204471.69;2024-08-06;00:00;20,6
D24091020;2560186.58;1204471.69;2024-08-05;23:30;21,1
D24091020;2560186.58;1204471.69;2024-08-05;23:00;22,1
D24091020;2560186.58;1204471.69;2024-08-05;22:30;22,4
D24091020;2560186.58;1204471.69;2024-08-05;22:00;23,1
D24091020;2560186.58;1204471.69;2024-08-05;21:30;24
D24091020;2560186.58;1204471.69;2024-08-05;21:00;24,8
D24091020;2560186.58;1204471.69;2024-08-05;20:30;26
D24091020;2560186.58;1204471.69;2024-08-05;20:00;27
D24091020;2560186.58;1204471.69;2024-08-05;19:30;28,3
D24091020;2560186.58;1204471.69;2024-08-05;19:00;30,6
D24091020;2560186.58;1204471.69;2024-08-05;18:30;32,2
D24091020;2560186.58;1204471.69;2024-08-05;18:00;34
D24091020;2560186.58;1204471.69;2024-08-05;17:30;33,8
D24091020;2560186.58;1204471.69;2024-08-05;17:00;35,3
D24091020;2560186.58;1204471.69;2024-08-05;16:30;35,2
D24091020;2560186.58;1204471.69;2024-08-05;16:00;34,6
D24091020;2560186.58;1204471.69;2024-08-05;15:30;33
D24091020;2560186.58;1204471.69;2024-08-05;15:00;33,2
D24091020;2560186.58;1204471.69;2024-08-05;14:30;32,4
D24091020;2560186.58;1204471.69;2024-08-05;14:00;31,5
D24091020;2560186.58;1204471.69;2024-08-05;13:30;30
D24091020;2560186.58;1204471.69;2024-08-05;13:00;29,2
D24091020;2560186.58;1204471.69;2024-08-05;12:30;29,4
D24091020;2560186.58;1204471.69;2024-08-05;12:00;29,5
D24091020;2560186.58;1204471.69;2024-08-05;11:30;29,3
D24091020;2560186.58;1204471.69;2024-08-05;11:00;28,8
D24091020;2560186.58;1204471.69;2024-08-05;10:30;29,2
D24091020;2560186.58;1204471.69;2024-08-05;10:00;29
D24091020;2560186.58;1204471.69;2024-08-05;09:30;28,8
D24091020;2560186.58;1204471.69;2024-08-05;09:00;28,4
D24091020;2560186.58;1204471.69;2024-08-05;08:30;31,4
D24091020;2560186.58;1204471.69;2024-08-05;08:00;29,1
D24091020;2560186.58;1204471.69;2024-08-05;07:30;26
D24091020;2560186.58;1204471.69;2024-08-05;07:00;21,9
D24091020;2560186.58;1204471.69;2024-08-05;06:30;17,5
D24091020;2560186.58;1204471.69;2024-08-05;06:00;17,5
D24091020;2560186.58;1204471.69;2024-08-05;05:30;17,8
D24091020;2560186.58;1204471.69;2024-08-05;05:00;17,9
D24091020;2560186.58;1204471.69;2024-08-05;04:30;18,7
D24091020;2560186.58;1204471.69;2024-08-05;04:00;19,8
D24091020;2560186.58;1204471.69;2024-08-05;03:30;19,5
D24091020;2560186.58;1204471.69;2024-08-05;03:00;19,1
D24091020;2560186.58;1204471.69;2024-08-05;02:30;19,3
D24091020;2560186.58;1204471.69;2024-08-05;02:00;19,8
D24091020;2560186.58;1204471.69;2024-08-05;01:30;20
D24091020;2560186.58;1204471.69;2024-08-05;01:00;20,2
D24091020;2560186.58;1204471.69;2024-08-05;00:30;20,1
D24091020;2560186.58;1204471.69;2024-08-05;00:00;20,7
D24091020;2560186.58;1204471.69;2024-08-04;23:30;21,4
D24091020;2560186.58;1204471.69;2024-08-04;23:00;21,1
D24091020;2560186.58;1204471.69;2024-08-04;22:30;21,4
D24091020;2560186.58;1204471.69;2024-08-04;22:00;21,5
D24091020;2560186.58;1204471.69;2024-08-04;21:30;22
D24091020;2560186.58;1204471.69;2024-08-04;21:00;22,6
D24091020;2560186.58;1204471.69;2024-08-04;20:30;23,4
D24091020;2560186.58;1204471.69;2024-08-04;20:00;24
D24091020;2560186.58;1204471.69;2024-08-04;19:30;25,2
D24091020;2560186.58;1204471.69;2024-08-04;19:00;25,9
D24091020;2560186.58;1204471.69;2024-08-04;18:30;27,6
D24091020;2560186.58;1204471.69;2024-08-04;18:00;28,9
D24091020;2560186.58;1204471.69;2024-08-04;17:30;31,2
D24091020;2560186.58;1204471.69;2024-08-04;17:00;33,5
D24091020;2560186.58;1204471.69;2024-08-04;16:30;33,2
D24091020;2560186.58;1204471.69;2024-08-04;16:00;33,5
D24091020;2560186.58;1204471.69;2024-08-04;15:30;31,4
D24091020;2560186.58;1204471.69;2024-08-04;15:00;34,7
D24091020;2560186.58;1204471.69;2024-08-04;14:30;33
D24091020;2560186.58;1204471.69;2024-08-04;14:00;30,6
D24091020;2560186.58;1204471.69;2024-08-04;13:30;29,9
D24091020;2560186.58;1204471.69;2024-08-04;13:00;29,7
D24091020;2560186.58;1204471.69;2024-08-04;12:30;31,2
D24091020;2560186.58;1204471.69;2024-08-04;12:00;29,1
D24091020;2560186.58;1204471.69;2024-08-04;11:30;29,3
D24091020;2560186.58;1204471.69;2024-08-04;11:00;28,9
D24091020;2560186.58;1204471.69;2024-08-04;10:30;27,7
D24091020;2560186.58;1204471.69;2024-08-04;10:00;28,7
D24091020;2560186.58;1204471.69;2024-08-04;09:30;28,9
D24091020;2560186.58;1204471.69;2024-08-04;09:00;29,6
D24091020;2560186.58;1204471.69;2024-08-04;08:30;28,2
D24091020;2560186.58;1204471.69;2024-08-04;08:00;27,6
D24091020;2560186.58;1204471.69;2024-08-04;07:30;23
D24091020;2560186.58;1204471.69;2024-08-04;07:00;19,7
D24091020;2560186.58;1204471.69;2024-08-04;06:30;19,1
D24091020;2560186.58;1204471.69;2024-08-04;06:00;18,1
D24091020;2560186.58;1204471.69;2024-08-04;05:30;18
D24091020;2560186.58;1204471.69;2024-08-04;05:00;17,6
D24091020;2560186.58;1204471.69;2024-08-04;04:30;18
D24091020;2560186.58;1204471.69;2024-08-04;04:00;18,2
D24091020;2560186.58;1204471.69;2024-08-04;03:30;18,5
D24091020;2560186.58;1204471.69;2024-08-04;03:00;19,1
D24091020;2560186.58;1204471.69;2024-08-04;02:30;19,4
D24091020;2560186.58;1204471.69;2024-08-04;02:00;20
D24091020;2560186.58;1204471.69;2024-08-04;01:30;20,5
D24091020;2560186.58;1204471.69;2024-08-04;01:00;20,7
D24091020;2560186.58;1204471.69;2024-08-04;00:30;20,9
D24091020;2560186.58;1204471.69;2024-08-04;00:00;21,2
D24091020;2560186.58;1204471.69;2024-08-03;23:30;21,3
D24091020;2560186.58;1204471.69;2024-08-03;23:00;21,6
D24091020;2560186.58;1204471.69;2024-08-03;22:30;21,8
D24091020;2560186.58;1204471.69;2024-08-03;22:00;22,1
D24091020;2560186.58;1204471.69;2024-08-03;21:30;22,2
D24091020;2560186.58;1204471.69;2024-08-03;21:00;22,7
D24091020;2560186.58;1204471.69;2024-08-03;20:30;23,3
D24091020;2560186.58;1204471.69;2024-08-03;20:00;24,4
D24091020;2560186.58;1204471.69;2024-08-03;19:30;26,2
D24091020;2560186.58;1204471.69;2024-08-03;19:00;29,4
D24091020;2560186.58;1204471.69;2024-08-03;18:30;30,1
D24091020;2560186.58;1204471.69;2024-08-03;18:00;31,6
D24091020;2560186.58;1204471.69;2024-08-03;17:30;33,1
D24091020;2560186.58;1204471.69;2024-08-03;17:00;33,3
D24091020;2560186.58;1204471.69;2024-08-03;16:30;32,6
D24091020;2560186.58;1204471.69;2024-08-03;16:00;33,3
D24091020;2560186.58;1204471.69;2024-08-03;15:30;30,8
D24091020;2560186.58;1204471.69;2024-08-03;15:00;31,9
D24091020;2560186.58;1204471.69;2024-08-03;14:30;29
D24091020;2560186.58;1204471.69;2024-08-03;14:00;32,2
D24091020;2560186.58;1204471.69;2024-08-03;13:30;31,1
D24091020;2560186.58;1204471.69;2024-08-03;13:00;30,5
D24091020;2560186.58;1204471.69;2024-08-03;12:30;29,4
D24091020;2560186.58;1204471.69;2024-08-03;12:00;28
D24091020;2560186.58;1204471.69;2024-08-03;11:30;29,9
D24091020;2560186.58;1204471.69;2024-08-03;11:00;30,8
D24091020;2560186.58;1204471.69;2024-08-03;10:30;31,2
D24091020;2560186.58;1204471.69;2024-08-03;10:00;26,3
D24091020;2560186.58;1204471.69;2024-08-03;09:30;29,3
D24091020;2560186.58;1204471.69;2024-08-03;09:00;30,5
D24091020;2560186.58;1204471.69;2024-08-03;08:30;27,4
D24091020;2560186.58;1204471.69;2024-08-03;08:00;30,4
D24091020;2560186.58;1204471.69;2024-08-03;07:30;25,7
D24091020;2560186.58;1204471.69;2024-08-03;07:00;21,1
D24091020;2560186.58;1204471.69;2024-08-03;06:30;18,3
D24091020;2560186.58;1204471.69;2024-08-03;06:00;18,3
D24091020;2560186.58;1204471.69;2024-08-03;05:30;18,6
D24091020;2560186.58;1204471.69;2024-08-03;05:00;18,8
D24091020;2560186.58;1204471.69;2024-08-03;04:30;18,8
D24091020;2560186.58;1204471.69;2024-08-03;04:00;19,1
D24091020;2560186.58;1204471.69;2024-08-03;03:30;19,5
D24091020;2560186.58;1204471.69;2024-08-03;03:00;19,8
D24091020;2560186.58;1204471.69;2024-08-03;02:30;19,8
D24091020;2560186.58;1204471.69;2024-08-03;02:00;20,4
D24091020;2560186.58;1204471.69;2024-08-03;01:30;20,9
D24091020;2560186.58;1204471.69;2024-08-03;01:00;21,3
D24091020;2560186.58;1204471.69;2024-08-03;00:30;22
D24091020;2560186.58;1204471.69;2024-08-03;00:00;23
D24091020;2560186.58;1204471.69;2024-08-02;23:30;23,2
D24091020;2560186.58;1204471.69;2024-08-02;23:00;23,3
D24091020;2560186.58;1204471.69;2024-08-02;22:30;23,9
D24091020;2560186.58;1204471.69;2024-08-02;22:00;24
D24091020;2560186.58;1204471.69;2024-08-02;21:30;24,6
D24091020;2560186.58;1204471.69;2024-08-02;21:00;25,6
D24091020;2560186.58;1204471.69;2024-08-02;20:30;26,4
D24091020;2560186.58;1204471.69;2024-08-02;20:00;26,9
D24091020;2560186.58;1204471.69;2024-08-02;19:30;28,9
D24091020;2560186.58;1204471.69;2024-08-02;19:00;31,9
D24091020;2560186.58;1204471.69;2024-08-02;18:30;33,1
D24091020;2560186.58;1204471.69;2024-08-02;18:00;34,8
D24091020;2560186.58;1204471.69;2024-08-02;17:30;33,4
D24091020;2560186.58;1204471.69;2024-08-02;17:00;35,6
D24091020;2560186.58;1204471.69;2024-08-02;16:30;34,7
D24091020;2560186.58;1204471.69;2024-08-02;16:00;36,3
D24091020;2560186.58;1204471.69;2024-08-02;15:30;35,2
D24091020;2560186.58;1204471.69;2024-08-02;15:00;36,7
D24091020;2560186.58;1204471.69;2024-08-02;14:30;33,6
D24091020;2560186.58;1204471.69;2024-08-02;14:00;33,8
D24091020;2560186.58;1204471.69;2024-08-02;13:30;32
D24091020;2560186.58;1204471.69;2024-08-02;13:00;32,4
D24091020;2560186.58;1204471.69;2024-08-02;12:30;32,6
D24091020;2560186.58;1204471.69;2024-08-02;12:00;30,9
D24091020;2560186.58;1204471.69;2024-08-02;11:30;32
D24091020;2560186.58;1204471.69;2024-08-02;11:00;29,7
D24091020;2560186.58;1204471.69;2024-08-02;10:30;30
D24091020;2560186.58;1204471.69;2024-08-02;10:00;30,5
D24091020;2560186.58;1204471.69;2024-08-02;09:30;29,1
D24091020;2560186.58;1204471.69;2024-08-02;09:00;30
D24091020;2560186.58;1204471.69;2024-08-02;08:30;32,7
D24091020;2560186.58;1204471.69;2024-08-02;08:00;31,1
D24091020;2560186.58;1204471.69;2024-08-02;07:30;26,9
D24091020;2560186.58;1204471.69;2024-08-02;07:00;18,6
D24091020;2560186.58;1204471.69;2024-08-02;06:30;18,5
D24091020;2560186.58;1204471.69;2024-08-02;06:00;18,4
D24091020;2560186.58;1204471.69;2024-08-02;05:30;18,9
D24091020;2560186.58;1204471.69;2024-08-02;05:00;18,8
D24091020;2560186.58;1204471.69;2024-08-02;04:30;18,9
D24091020;2560186.58;1204471.69;2024-08-02;04:00;19,1
D24091020;2560186.58;1204471.69;2024-08-02;03:30;19,1
D24091020;2560186.58;1204471.69;2024-08-02;03:00;19,2
D24091020;2560186.58;1204471.69;2024-08-02;02:30;19,1
D24091020;2560186.58;1204471.69;2024-08-02;02:00;19,8
D24091020;2560186.58;1204471.69;2024-08-02;01:30;20,2
D24091020;2560186.58;1204471.69;2024-08-02;01:00;20,6
D24091020;2560186.58;1204471.69;2024-08-02;00:30;21,4
D24091020;2560186.58;1204471.69;2024-08-02;00:00;20,9
D24091020;2560186.58;1204471.69;2024-08-01;23:30;21,4
D24091020;2560186.58;1204471.69;2024-08-01;23:00;21,4
D24091020;2560186.58;1204471.69;2024-08-01;22:30;22,1
D24091020;2560186.58;1204471.69;2024-08-01;22:00;21,8
D24091020;2560186.58;1204471.69;2024-08-01;21:30;21,8
D24091020;2560186.58;1204471.69;2024-08-01;21:00;22,5
D24091020;2560186.58;1204471.69;2024-08-01;20:30;24,1
D24091020;2560186.58;1204471.69;2024-08-01;20:00;25,1
D24091020;2560186.58;1204471.69;2024-08-01;19:30;25,5
D24091020;2560186.58;1204471.69;2024-08-01;19:00;26,2
D24091020;2560186.58;1204471.69;2024-08-01;18:30;25,9
D24091020;2560186.58;1204471.69;2024-08-01;18:00;27,7
D24091020;2560186.58;1204471.69;2024-08-01;17:30;26,3
D24091020;2560186.58;1204471.69;2024-08-01;17:00;24,5
D24091020;2560186.58;1204471.69;2024-08-01;16:30;23,3
D24091020;2560186.58;1204471.69;2024-08-01;16:00;20,9
D24091020;2560186.58;1204471.69;2024-08-01;15:30;19,9
D24091020;2560186.58;1204471.69;2024-08-01;15:00;19,3
D24091020;2560186.58;1204471.69;2024-08-01;14:30;22,7
